"Name","trainer/epoch","val/acc","val/auc","val/cls_confmat_00","val/cls_confmat_01","val/cls_confmat_10","val/cls_confmat_11","val/loss","val/dice","val/iou","val/multi","calibration_method","architecture","lr_strategy","lr_scheduler","plateau_metric","State","Created","Runtime","Sweep","T_max","alpha","batch_size","beta","binary_bce_from_two_logits","binary_single_logit","cal_auc_floor","cal_bootstraps","cal_ema_beta","cal_fallback","cal_init_threshold","cal_max_delta","cal_min_tp","cal_q_bounds","cal_rate_tolerance","cal_warmup_epochs","class_balance","class_counts","cls_decision","cls_loss","cls_threshold","console_epoch_log","console_iter_log","debug","debug_transforms","dropout_rate","early_terminate.min_iter","early_terminate.type","epochs","eta_min","factor","in_channels","input_shape","log_calibrated","lr","method","metric.goal","metric.name","multi_weight","num_classes","num_workers","parameters.T_max","parameters.alphas","parameters.architecture","parameters.batch_sizes","parameters.betas","parameters.binary_bce_from_two_logits","parameters.binary_single_logit","parameters.cal_auc_floors","parameters.cal_bootstrapss","parameters.cal_ema_betas","parameters.cal_fallbacks","parameters.cal_init_thresholds","parameters.cal_max_deltas","parameters.cal_min_tps","parameters.cal_q_bounds","parameters.cal_rate_tolerances","parameters.cal_warmup_epochss","parameters.calibration_methods","parameters.class_balance","parameters.class_counts","parameters.cls_decision","parameters.cls_loss","parameters.cls_threshold","parameters.console_epoch_log","parameters.console_iter_log","parameters.debug","parameters.debug_transforms","parameters.dropout_rate.distribution","parameters.dropout_rate.max","parameters.dropout_rate.min","parameters.epochs","parameters.eta_min","parameters.factors","parameters.in_channels","parameters.input_shape","parameters.log_calibrated","parameters.lr.distribution","parameters.lr.max","parameters.lr.min","parameters.lr_schedulers","parameters.multi_weight","parameters.num_classes","parameters.num_workers","parameters.patiences","parameters.plateau_metric","parameters.plateau_mode","parameters.positive_index","parameters.run_cap","parameters.seed","parameters.seg_threshold","parameters.task","parameters.threshold","parameters.two_pass_val","parameters.warmup_epochss","parameters.warmup_start_factors","parameters.weight_decay.distribution","parameters.weight_decay.max","parameters.weight_decay.min","patience","plateau_mode","positive_index","program","run_cap","seed","seg_threshold","task","threshold","two_pass_val","warmup_epochs","warmup_start_factor","weight_decay","parameters.patience","parameters.plateau_thresholds","plateau_threshold","head_lr_scale","head_wd_scale","param_groups","parameters.head_lr_scale","parameters.head_wd_scale","parameters.lr_strategys","parameters.param_groupss","opt/lr","train/loss","train/lr","trainer/iteration","val/cal_thr","val/cls_confmat","val/gt_pos_rate","val/pos_rate","val/prec","val/prec_0","val/prec_1","val/recall","val/recall_0","val/recall_1","val/seg_confmat","val/seg_confmat_00","val/seg_confmat_01","val/seg_confmat_10","val/seg_confmat_11","val/threshold","val/dice_0","val/dice_1","val/iou_0","val/iou_1","val/multi_0","val/multi_1","val/bal_acc","val/f1","val/debug_pos_hist","val/debug_pos_max","val/debug_pos_median","val/debug_pos_min","val/debug_pos_q10","val/debug_pos_q90","val/debug_pos_rate@0.5","val/score_mean","val/score_std","val/search_threshold","enable_decision_health","head_keys","health_iters_warmup","health_rate_gain","health_warmup","health_warmup_max_delta","init_head_bias_from_prior","init_threshold_from_prior","optimizer","parameters.enable_decision_health","parameters.head_keys","parameters.head_keyss","parameters.health_iters_warmup","parameters.health_rate_gain","parameters.health_warmup","parameters.health_warmup_max_delta","parameters.init_head_bias_from_prior","parameters.init_threshold_from_prior","parameters.lr_scheduler","parameters.multi_weights","parameters.optimizer","parameters.param_groups","parameters.rate_tol_override","parameters.seg_thresholds","parameters.thr_hysteresiss","parameters.thr_max","parameters.thr_min","parameters.thr_min_tns","parameters.thr_min_tps","parameters.thr_posrate_max","parameters.thr_posrate_min","parameters.thr_warmup_epochs","parameters.thr_warmup_epochss","rate_tol_override","thr_hysteresis","thr_max","thr_min","thr_min_tn","thr_min_tp","thr_posrate_max","thr_posrate_min","thr_warmup_epochs","lesion_channel","parameters.lesion_channel","parameters.seg_num_classes","parameters.tasks","parameters.watch_metric","seg_num_classes","tasks","watch_metric","val/max","val/mean","val/median","val/min","val/posprob_stats.max","val/posprob_stats.mean","val/posprob_stats.median","val/posprob_stats.min","val/posprob_stats/max","val/posprob_stats/mean","val/posprob_stats/median","val/posprob_stats/min","val/precision_macro","val/precision_pos","val/recall_macro","val/recall_pos","val/search_auc","val/search_confmat","val/search_confmat_00","val/search_confmat_01","val/search_confmat_10","val/search_confmat_11","val/search_pos_rate","val/seg/dice","val/seg/dice_0","val/seg/dice_1","val/seg/iou","val/seg/iou_0","val/seg/iou_1","val/seg/seg_confmat","val/seg/seg_confmat_00","val/seg/seg_confmat_01","val/seg/seg_confmat_10","val/seg/seg_confmat_11","val/dice_lesion","val/iou_lesion"
"gallant-sweep-2","40","0.6494661921708185","0.7089496606112919","204","127","70","161","1.409290783935123","0.48753361171075255","0.4756105225375116","0.5428876239358874","f1","multitask_unet","","warmcos","val/auc","finished","2025-09-14T01:58:55.000Z","27626","wcsbmars","40","2","32","1","","","0.5","","0.1","","","0.2","10","","","3","inverse","","threshold","","","","","","","0.22184691827551176","","","40","0","0.3","1","[256,256]","","0.00017352561751048155","","","","0.75","2","8","","","","","","","","","","","","","","","","","","","","","","","","","","","","","","","","","","","","","","","","","","","","","","","","","","","","","","","","","","","10","max","","","","","0.5","multitask","","true","3","0.1","0.000011663023786484851","","","0.0005","0.5","1.5","split","","","","","0","1.589954137802124","3.1256401262333513e-7","3240","0.5","[[204,127],[70,161]]","0.4110320284697509","","","","","","","","[[81,1795993],[2251,35032907]]","81","1795993","2251","35032907","0.5","0.0000900797706413346","0.9749771436508636","0.00004504191400330864","0.95117600316102","","","0.656641960144043","","","","","","","","","0.4938916563987732","0.2078409045934677","0.5","","","","","","","","","adamw","","","","","","","","","","","","","","","","","","","","","","","","","","0.03","0.95","0.05","0","10","0.95","0.05","5","","","","","","","","","","","","","","","","","","","","","0.6517766626115167","0.5590277777777778","0.6566419481827337","0.696969696969697","0.7089496606112919","[[204,127],[70,161]]","204","127","70","161","0.5124555160142349","0.487534203144979","0.00009119201869658802","0.9749772142712614","0.4756108678392477","0.00004559808843916075","0.9511761375900564","[[82,1795992],[2247,35032911]]","82","1795992","2247","35032911","",""
"devout-sweep-1","40","0.6192170818505338","0.6979375106263324","179","152","62","169","0.9228613641526964","0.4876097441203122","0.47562694581455855","0.5612244623974193","youden","multitask_unet","","warmcos","val/auc","finished","2025-09-13T19:43:05.000Z","22534","wcsbmars","40","1","64","1","","","0.5","","0.1","","","0.2","10","","","3","inverse","","threshold","","","","","","","0.2225076994611875","","","40","0","0.3","1","[256,256]","","0.00014625722079392574","","","","0.65","2","8","","","","","","","","","","","","","","","","","","","","","","","","","","","","","","","","","","","","","","","","","","","","","","","","","","","","","","","","","","","10","max","","","","","0.55","multitask","","true","3","0.2","0.000036191633561502746","","","0.0001","0.5","1.5","split","","","","","0","0.9770675897598268","2.634466568241729e-7","1600","0.5","[[179,152],[62,169]]","0.4110320284697509","","","","","","","","[[246,1795828],[4571,35030587]]","246","1795828","4571","35030587","0.5","0.00027319810027369787","0.9749462901403508","0.00013661771198653815","0.9511172739171304","","","0.6361936330795288","","","","","","","","","0.5033261179924011","0.16510510444641113","0.5","","","","","","","","","adamw","","","","","","","","","","","","","","","","","","","","","","","","","","0.03","0.95","0.05","5","10","0.95","0.05","5","","","","","","","","","","","","","","","","","","","","","0.6346091699952172","0.5264797507788161","0.6361936150455788","0.7316017316017316","0.6979375106263324","[[179,152],[62,169]]","179","152","62","169","0.5711743772241993","0.4876097297043288","0.00027319779687077464","0.9749462616117868","0.4756269185876355","0.00013661756024362353","0.9511172196150274","[[246,1795828],[4573,35030585]]","246","1795828","4573","35030585","",""
"cosmic-sweep-2","40","0.6316725978647687","0.7106237166660128","218","113","94","137","0.7879648009936014","0.4875040752707907","0.4756175139620635","0.5432839856195962","f1","multitask_unet","","warmcos","val/auc","finished","2025-09-13T12:22:54.000Z","21659","ekqx9ym9","40","1","32","1","","","0.5","","0.3","","","0.1","10","","","3","inverse","","threshold","","","","","","","0.188356965089063","","","40","0","0.5","1","[256,256]","","0.0005403609974940389","","","","0.75","2","8","","","","","","","","","","","","","","","","","","","","","","","","","","","","","","","","","","","","","","","","","","","","","","","","","","","","","","","","","","","10","max","","","","","0.55","multitask","","true","0","0.2","0.000033159932830796066","","","0.0005","0.5","1.5","split","","","","","0","0.8869724273681641","8.328763094540993e-7","3240","0.5","[[218,113],[94,137]]","0.4110320284697509","","","","","","","","[[0,1796074],[0,35035158]]","0","1796074","0","35035158","0.5","0","0.9750081505415814","0","0.951235027924127","","","0.6258419752120972","","","","","","","","","0.4668043255805969","0.21437934041023257","0.5","","","","","","","","","adamw","","","","","","","","","","","","","","","","","","","","","","","","","","0.03","0.95","0.05","0","10","0.95","0.05","5","","","","","","","","","","","","","","","","","","","","","0.6233589743589744","0.548","0.6258419324884581","0.5930735930735931","0.7106237166660128","[[218,113],[94,137]]","218","113","94","137","0.4448398576512456","0.4875040752707907","0","0.9750081505415814","0.4756175139620635","0","0.951235027924127","[[0,1796074],[0,35035158]]","0","1796074","0","35035158","",""
"jolly-sweep-1","40","0.6601423487544484","0.7179084762166332","219","112","79","152","0.7007425361209445","0.493398619517287","0.48691826054541687","0.5719770693620582","youden","multitask_unet","","warmcos","val/auc","finished","2025-09-13T06:40:28.000Z","30279","","40","1","64","0.5","","","0.55","","0.2","","","0.1","10","","","2","inverse","","threshold","","","","","","","0.22564907466209733","","","40","0","0.5","1","[256,256]","","0.0002297619304231135","","","","0.65","2","8","","","","","","","","","","","","","","","","","","","","","","","","","","","","","","","","","","","","","","","","","","","","","","","","","","","","","","","","","","","10","max","","","","","0.45","multitask","","true","0","0.2","0.00003593050985158014","","","0.0001","0.5","1.5","split","","","","","0","0.6760706901550293","3.5413967616336593e-7","1600","0.5","[[219,112],[79,152]]","0.4110320284697509","","","","","","","","[[34,963228],[1702,35866268]]","34","963228","1702","35866268","0.5","0.0000704664672880151","0.986726772567286","0.00003523447506849996","0.9738012866157651","","","0.659820020198822","","","","","","","","","0.4657106101512909","0.2255002111196518","0.5","","","","","","","","","adamw","","","","","","","","","","","","","","","","","","","","","","","","","","0.01","0.95","0.05","0","5","0.95","0.05","5","","","","","","","","","","","","","","","","","","","","","0.655328452308318","0.5757575757575758","0.6598200389741176","0.658008658008658","0.7179084762166332","[[219,112],[79,152]]","219","112","79","152","0.4697508896797153","0.493398619517287","0.0000704664672880151","0.986726772567286","0.48691826054541687","0.00003523447506849996","0.9738012866157651","[[34,963228],[1702,35866268]]","34","963228","1702","35866268","",""
"gentle-sweep-1","40","0.6601423487544484","0.7282797766181452","240","91","100","131","0.6795511245727539","0.4875040752707907","0.4756175139620635","0.5476980006076293","rate_match","multitask_unet","","warmcos","val/auc","finished","2025-09-13T06:22:20.000Z","21619","ekqx9ym9","40","1","32","0.5","","","0.5","","0.3","","","0.1","10","","","2","inverse","","threshold","","","","","","","0.1890315798691095","","","40","0","0.5","1","[256,256]","","0.0003714024287256843","","","","0.75","2","8","","","","","","","","","","","","","","","","","","","","","","","","","","","","","","","","","","","","","","","","","","","","","","","","","","","","","","","","","","","10","max","","","","","0.45","multitask","","true","3","0.1","0.000014797059120609823","","","0.0001","0.5","1.5","split","","","","","0","0.7664398550987244","6.689907524088773e-7","3240","0.5","[[240,91],[100,131]]","0.4110320284697509","","","","","","","","[[0,1796074],[0,35035158]]","0","1796074","0","35035158","0.5","0","0.9750081505415814","0","0.951235027924127","","","0.6460875272750854","","","","","","","","","0.4410530626773834","0.22700825333595276","0.5","","","","","","","","","adamw","","","","","","","","","","","","","","","","","","","","","","","","","","0.03","0.95","0.05","0","10","0.95","0.05","5","","","","","","","","","","","","","","","","","","","","","0.6479862215156333","0.5900900900900901","0.6460875479002367","0.5670995670995671","0.7282797766181452","[[240,91],[100,131]]","240","91","100","131","0.39501779359430605","0.4875040752707907","0","0.9750081505415814","0.4756175139620635","0","0.951235027924127","[[0,1796074],[0,35035158]]","0","1796074","0","35035158","",""
"unique-sweep-10","40","0.6334519572953736","0.6962111403199016","220","111","95","136","0.7374030550320944","0.4933750166886289","0.48692329922604816","0.544084047596447","f1","multitask_unet","plateau","","val/multi","finished","2025-09-12T21:48:16.000Z","19552","","40","1","32","1","false","true","0.55","0","0.3","keep_last","0.4","0.2","10","[0.1,0.9]","","3","inverse","","threshold","auto","0.5","true","false","true","false","0.1804245779877496","","","40","0","0.3","1","[256,256]","true","0.0004339835435877052","","","","0.75","2","8","","","","","","","","","","","","","","","","","","","","","","","","","","","","","","","","","","","","","","","","","","","","","","","","","","","","","","","","","","","0","max","1","","20","42","0.5","multitask","","true","2","0.2","0.000020423436618836925","","","0.0001","0.5","1.5","split","","","","","0.0004339835435877052","0.7265964150428772","0.0004339835435877052","3240","0.5","[[220,111],[95,136]]","0.4110320284697509","","","","","","","","[[0,963262],[0,35867970]]","0","963262","0","35867970","0.5","0","0.9867500333772578","0","0.9738465984520964","","","0.6266986131668091","","[0,0,0,0,0,0,0,0,0,179,336,47,0,0,0,0,0,0,0,0]","0.5862045288085938","0.506909966468811","0.4740814566612244","0.4911276996135712","0.548000156879425","0.6814946532249451","0.45252031087875366","0.23621796071529388","0.5","true","[""head"",""classifier"",""mlp_head"",""fc"",""cls""]","2","0.75","1","0.2","true","false","","","","","","","","","","","","","","","","","","","","","","","","","","0.1","0.02","0.95","0.05","5","0","0.95","0.05","5","","","","","","","","","","","","","","","","","","","","","0.6245099929310456","0.5506072874493927","0.6266985783602098","0.5887445887445888","0.6962111403199016","[[220,111],[95,136]]","220","111","95","136","0.4395017793594306","0.4933750166886289","0","0.9867500333772578","0.48692329922604816","0","0.9738465984520964","[[0,963262],[0,35867970]]","0","963262","0","35867970","",""
"snowy-sweep-1","40","0.6459074733096085","0.6942885915695584","212","119","80","151","0.910748991701338","0.4875577584321586","0.4756151746593178","0.5805866333439885","youden","multitask_unet","none","","val/multi","finished","2025-09-12T21:20:54.000Z","22349","7a7nhpda","40","1","32","1","false","true","0.52","0","0.1","keep_last","0.5","0.2","20","[0.1,0.9]","","1","inverse","","threshold","auto","0.5","true","false","true","false","0.20221786602354935","","","40","0","0.3","1","[256,256]","true","0.000038243560672739755","","","","0.55","2","8","","","","","","","","","","","","","","","","","","","","","","","","","","","","","","","","","","","","","","","","","","","","","","","","","","","","","","","","","","","0","max","1","","20","42","0.55","multitask","","true","2","0.2","0.00001523967572980858","","","0.0001","0.5","1.5","single","","","","","0.000038243560672739755","0.905153512954712","0.000038243560672739755","3240","0.5","[[212,119],[80,151]]","0.4110320284697509","","","","","","","","[[134,1795940],[3043,35032115]]","134","1795940","3043","35032115","0.5","0.00014895086900048964","0.9749665659953168","0.00007448098150370431","0.9511558683371318","","","0.6470814943313599","","[0,0,0,0,0,0,0,0,0,0,226,336,0,0,0,0,0,0,0,0]","0.598516583442688","0.5535754561424255","0.524438202381134","0.5375337600708008","0.5751477479934692","1","0.4755198657512665","0.17294493317604065","0.5","true","classifier","2","0.75","1","0.2","true","false","","","","","","","","","","","","","","","","","","","","","","","","","","0.1","0.03","0.95","0.05","0","5","0.95","0.05","5","","","","","","","","","","","","","","","","","","","","","0.6426433282597666","0.5592592592592592","0.6470815186827271","0.6536796536796536","0.6942885915695584","[[212,119],[80,151]]","212","119","80","151","0.4804270462633452","0.48757884201980295","0.0001966966082614798","0.9749609874313444","0.4756218037750741","0.00009835797747102192","0.9511452495726772","[[177,1795897],[3475,35031683]]","177","1795897","3475","35031683","",""
"prime-sweep-9","40","0.6405693950177936","0.7096820601352323","216","115","87","144","0.7404789692825742","0.4933750166886289","0.48692329922604816","0.56908248189494","youden","multitask_unet","plateau","","val/multi","finished","2025-09-12T15:26:29.000Z","22902","","40","1","32","1","false","true","0.5","25","0.1","keep_last","0.5","0.2","10","[0.1,0.9]","","1","inverse","","threshold","auto","0.5","true","false","true","false","0.1948919210156741","","","40","0","0.3","1","[256,256]","true","0.00016075626303105412","","","","0.65","2","8","","","","","","","","","","","","","","","","","","","","","","","","","","","","","","","","","","","","","","","","","","","","","","","","","","","","","","","","","","","0","max","1","","20","42","0.55","multitask","","true","2","0.1","0.000011620862085446051","","","0.0001","0.5","1.5","single","","","","","0.00016075626303105412","0.6635640263557434","0.00016075626303105412","3240","0.5","[[216,115],[87,144]]","0.4110320284697509","","","","","","","","[[0,963262],[0,35867970]]","0","963262","0","35867970","0.5","0","0.9867500333772578","0","0.9738465984520964","","","0.6379722952842712","","[0,0,0,0,0,0,0,0,0,26,237,246,53,0,0,0,0,0,0,0]","0.6475566029548645","0.5528271794319153","0.48872631788253784","0.5097069144248962","0.5993042588233948","0.9537366628646852","0.45541703701019287","0.26147207617759705","0.5","true","[""head"",""classifier"",""mlp_head"",""fc"",""cls""]","2","0.75","1","0.2","true","false","","","","","","","","","","","","","","","","","","","","","","","","","","0.1","0.02","0.95","0.05","5","0","0.95","0.05","5","","","","","","","","","","","","","","","","","","","","","0.6344279215566344","0.555984555984556","0.6379722996037196","0.6233766233766234","0.7096820601352323","[[216,115],[87,144]]","216","115","87","144","0.4608540925266904","0.4933750166886289","0","0.9867500333772578","0.48692329922604816","0","0.9738465984520964","[[0,963262],[0,35867970]]","0","963262","0","35867970","",""
"flowing-sweep-6","40","0.6548042704626335","0.7117615516407058","221","110","84","147","1.4511617951922946","0.4875459630200043","0.4756114298310664","0.5660214190372498","rate_match","multitask_unet","cosine","","val/multi","finished","2025-09-12T10:46:46.000Z","21637","kmwurezn","40","2","32","1","false","true","0.5","25","0.2","rate_match","0.5","0.2","10","[0.1,0.9]","","2","inverse","","threshold","auto","0.5","true","false","true","false","0.219869987367608","","","40","0","0.5","1","[256,256]","true","0.00005097931203869102","","","","0.65","2","8","","","","","","","","","","","","","","","","","","","","","","","","","","","","","","","","","","","","","","","","","","","","","","","","","","","","","","","","","","","0","max","1","","20","42","0.45","multitask","","true","0","0.2","0.00004784977036778817","","","0.0001","0.5","1.5","single","","","","","0.00005097931203869102","1.4380124807357788","0.00005097931203869102","3240","0.5","[[221,110],[84,147]]","0.4110320284697509","","","","","","","","[[110,1795964],[2805,35032353]]","110","1795964","2805","35032353","0.5","0.0001222909089494155","0.9749696351310592","0.00006114919346993322","0.9511617104686628","","","0.652018666267395","","[0,0,0,0,0,0,0,0,0,0,148,414,0,0,0,0,0,0,0,0]","0.5820885300636292","0.5553045868873596","0.5327260494232178","0.5435917377471924","0.5686241984367371","1","0.474825382232666","0.1921127438545227","0.5","true","[""head"",""classifier"",""mlp_head"",""fc"",""cls""]","2","0.75","1","0.2","true","false","","","","","","","","","","","","","","","","","","","","","","","","","","0.1","0.03","0.95","0.05","5","10","0.95","0.05","5","","","","","","","","","","","","","","","","","","","","","0.6482872998660458","0.5719844357976653","0.6520186761878605","0.6363636363636364","0.7117615516407058","[[221,110],[84,147]]","221","110","84","147","0.45729537366548045","0.4875583968489717","0.0001489582372237742","0.9749678354607196","0.47561638471976847","0.0000744846661641731","0.9511582847733728","[[134,1795940],[2954,35032204]]","134","1795940","2954","35032204","",""
"likely-sweep-8","40","0.6423487544483986","0.7165875413609553","212","119","82","149","1.4411490559577942","0.49341007634789774","0.4869196064347164","0.5492044426011622","youden","multitask_unet","cosine","","val/multi","finished","2025-09-12T09:01:33.000Z","23091","","40","2","32","1","false","true","0.52","0","0.3","rate_match","0.4","0.1","10","[0.1,0.9]","","3","inverse","","threshold","auto","0.5","true","false","true","false","0.18331169432615396","","","40","0","0.3","1","[256,256]","true","0.0000539669949654812","","","","0.75","2","8","","","","","","","","","","","","","","","","","","","","","","","","","","","","","","","","","","","","","","","","","","","","","","","","","","","","","","","","","","","0","max","1","","20","42","0.45","multitask","","true","2","0.1","0.000033120301833532826","","","0.0005","0.5","1.5","split","","","","","0.0000539669949654812","1.3197617530822754","0.0000539669949654812","3240","0.5","[[212,119],[82,149]]","0.4110320284697509","","","","","","","","[[48,963214],[2150,35865820]]","48","963214","2150","35865820","0.5","0.00009943446647194084","0.9867207182293236","0.00004971970516214839","0.9737894931642708","","","0.6427525281906128","","[0,0,0,0,0,0,0,0,0,0,299,259,4,0,0,0,0,0,0,0]","0.6102778911590576","0.5475002527236938","0.5116478800773621","0.5259897708892822","0.5781674981117249","1","0.47947460412979126","0.25650063157081604","0.5","true","[""head"",""classifier"",""mlp_head"",""fc"",""cls""]","2","0.75","1","0.2","true","false","","","","","","","","","","","","","","","","","","","","","","","","","","0.1","0.03","0.95","0.05","0","0","0.95","0.05","5","","","","","","","","","","","","","","","","","","","","","0.6385292923139405","0.5559701492537313","0.6427525143537228","0.645021645021645","0.7165875413609553","[[212,119],[82,149]]","212","119","82","149","0.4768683274021353","0.4934108520304503","0.0001015019176612301","0.9867202021432394","0.4869196207018592","0.00005075353462116112","0.9737884878690972","[[49,963213],[2188,35865782]]","49","963213","2188","35865782","",""
"dainty-sweep-5","40","0.6690391459074733","0.7361792286263587","227","104","82","149","1.3781741460164387","0.4875040752707907","0.4756175139620635","0.5496728636096827","youden","multitask_unet","plateau","","val/multi","finished","2025-09-12T04:14:30.000Z","23510","kmwurezn","40","2","64","1","false","true","0.52","25","0.3","rate_match","0.5","0.2","20","[0.1,0.9]","","2","inverse","","threshold","auto","0.5","true","false","true","false","0.1895908916727708","","","40","0","0.3","1","[256,256]","true","0.0007368634316761969","","","","0.75","2","8","","","","","","","","","","","","","","","","","","","","","","","","","","","","","","","","","","","","","","","","","","","","","","","","","","","","","","","","","","","0","max","1","","20","42","0.55","multitask","","true","2","0.1","0.00001884776603164401","","","0.0001","0.5","1.5","split","","","","","0.0007368634316761969","1.4832488298416138","0.0007368634316761969","1600","0.5","[[227,104],[82,149]]","0.4110320284697509","","","","","","","","[[0,1796074],[0,35035158]]","0","1796074","0","35035158","0.5","0","0.9750081505415814","0","0.951235027924127","","","0.665411114692688","","[0,0,0,0,0,0,0,0,0,141,420,1,0,0,0,0,0,0,0,0]","0.5504660606384277","0.5080066919326782","0.48806169629096985","0.49570024013519287","0.5283430218696594","0.7491103410720825","0.48314207792282104","0.19984392821788788","0.5","true","[""head"",""classifier"",""mlp_head"",""fc"",""cls""]","2","0.75","1","0.2","true","false","","","","","","","","","","","","","","","","","","","","","","","","","","0.1","0.03","0.95","0.05","5","10","0.95","0.05","5","","","","","","","","","","","","","","","","","","","","","0.6617803190196605","0.5889328063241107","0.6654111246256261","0.645021645021645","0.7361792286263587","[[227,104],[82,149]]","227","104","82","149","0.4501779359430605","0.4875040752707907","0","0.9750081505415814","0.4756175139620635","0","0.951235027924127","[[0,1796074],[0,35035158]]","0","1796074","0","35035158","",""
"fresh-sweep-1","40","0.6565836298932385","0.6974405252350871","271","60","133","98","1.3175181415345931","0.4933750166886289","0.48692329922604816","0.585204495534535","youden","multitask_unet","plateau","","val/multi","finished","2025-09-12T02:50:39.000Z","18142","","40","2","32","0.5","false","true","0.55","0","0.2","rate_match","0.4","0.2","5","[0.1,0.9]","","2","inverse","","threshold","auto","0.5","true","false","true","false","0.1907799891156741","","","40","0","0.3","1","[256,256]","true","0.0007865081541906437","","","","0.55","2","8","","","","","","","","","","","","","","","","","","","","","","","","","","","","","","","","","","","","","","","","","","","","","","","","","","","","","","","","","","","0","max","1","","20","42","0.5","multitask","","true","0","0.1","0.000027126587712037935","","","0.0001","0.5","1.5","split","","","","","0.0007865081541906437","1.4661097526550293","0.0007865081541906437","3240","0.5599999999999999","[[271,60],[133,98]]","0.4110320284697509","","","","","","","","[[0,963262],[0,35867970]]","0","963262","0","35867970","0.5599999999999999","0","0.9867500333772578","0","0.9738465984520964","","","0.6214867830276489","","[0,0,0,0,0,0,0,0,8,327,160,66,1,0,0,0,0,0,0,0]","0.6092484593391418","0.4926367104053498","0.4418146312236786","0.4646055102348328","0.554783046245575","0.40391460061073303","0.39678290486335754","0.24376435577869415","0.5599999999999999","true","[""head"",""classifier"",""mlp_head"",""fc"",""cls""]","2","0.75","1","0.2","true","false","","","","","","","","","","","","","","","","","","","","","","","","","","0.1","0.02","0.95","0.05","0","5","0.95","0.05","5","","","","","","","","","","","","","","","","","","","","","0.6455226218824415","0.620253164556962","0.6214867710335988","0.42424242424242425","0.6974405252350871","[[271,60],[133,98]]","271","60","133","98","0.28113879003558717","0.4933750166886289","0","0.9867500333772578","0.48692329922604816","0","0.9738465984520964","[[0,963262],[0,35867970]]","0","963262","0","35867970","",""
"zany-sweep-4","40","0.6601423487544484","0.7341912870613777","258","73","118","113","1.2582594288720026","0.4875040253521594","0.4756174189340177","0.549175840779464","f1","multitask_unet","none","","val/multi","finished","2025-09-11T21:41:17.000Z","23579","kmwurezn","40","2","64","0.5","false","true","0.55","0","0.2","keep_last","0.4","0.05","5","[0.1,0.9]","","2","inverse","","threshold","auto","0.5","true","false","true","false","0.18309600394600808","","","40","0","0.3","1","[256,256]","true","0.00025590626575733457","","","","0.75","2","8","","","","","","","","","","","","","","","","","","","","","","","","","","","","","","","","","","","","","","","","","","","","","","","","","","","","","","","","","","","0","max","1","","20","42","0.5","multitask","","true","3","0.1","0.00001569260484135032","","","0.0005","0.5","1.5","single","","","","","0.00025590626575733457","1.3238236904144287","0.00025590626575733457","1600","0.5","[[258,73],[118,113]]","0.4110320284697509","","","","","","","","[[0,1796074],[7,35035151]]","0","1796074","7","35035151","0.5","0","0.9750080507043188","0","0.9512348378680354","","","0.6343168616294861","","[0,0,0,0,0,0,0,0,0,0,178,372,12,0,0,0,0,0,0,0]","0.6149001717567444","0.5600457787513733","0.5293465256690979","0.53954017162323","0.5851352214813232","1","0.406642884016037","0.22640225291252136","0.5","true","[""head"",""classifier"",""mlp_head"",""fc"",""cls""]","2","0.75","1","0.2","true","false","","","","","","","","","","","","","","","","","","","","","","","","","","0.1","0.03","0.95","0.05","5","5","0.95","0.05","5","","","","","","","","","","","","","","","","","","","","","0.6468485472431937","0.6075268817204301","0.6343168412654817","0.4891774891774891","0.7341912870613777","[[258,73],[118,113]]","258","73","118","113","0.3309608540925267","0.4875040538770928","0","0.9750081077541856","0.47561747323575815","0","0.9512349464715164","[[0,1796074],[3,35035155]]","0","1796074","3","35035155","",""
"fanciful-sweep-3","40","0.6637010676156584","0.7219889878500152","220","111","78","153","1.3930781417422824","0.4893458999254279","0.4757786581024553","0.5475066719065746","f1","multitask_unet","plateau","","val/multi","finished","2025-09-11T15:24:09.000Z","22604","kmwurezn","40","2","64","0.5","false","true","0.55","0","0.2","keep_last","0.6","0.05","5","[0.1,0.9]","","1","inverse","","threshold","auto","0.5","true","false","true","false","0.20759945187905668","","","40","0","0.3","1","[256,256]","true","0.00004897630270241943","","","","0.75","2","8","","","","","","","","","","","","","","","","","","","","","","","","","","","","","","","","","","","","","","","","","","","","","","","","","","","","","","","","","","","0","max","1","","20","42","0.5","multitask","","true","0","0.1","0.00001832178270531393","","","0.0001","0.5","1.5","single","","","","","0.00004897630270241943","1.617937445640564","0.00004897630270241943","1600","0.5","[[220,111],[78,153]]","0.4110320284697509","","","","","","","","[[4488,1791586],[80476,34954682]]","4488","1791586","80476","34954682","0.5","0.004771833423886173","0.9739199664269697","0.0023916229250486266","0.949165693279862","","","0.6634951233863831","","[0,0,0,0,0,0,0,0,0,368,194,0,0,0,0,0,0,0,0,0]","0.5131373405456543","0.4974690079689026","0.48565205931663513","0.4908652603626251","0.5048868060112","0.3451957404613495","0.4842488467693329","0.17815929651260376","0.5","true","[""head"",""classifier"",""mlp_head"",""fc"",""cls""]","2","0.75","1","0.2","true","false","","","","","","","","","","","","","","","","","","","","","","","","","","0.1","0.02","0.95","0.05","5","0","0.95","0.05","5","","","","","","","","","","","","","","","","","","","","","0.6589002440512508","0.5795454545454546","0.6634951151567465","0.6623376623376623","0.7219889878500152","[[220,111],[78,153]]","220","111","78","153","0.4697508896797153","0.4895245197383708","0.005232049106306302","0.9738169903704352","0.4757964916327084","0.002622886087558328","0.9489700971778584","[[4942,1791132],[88110,34947048]]","4942","1791132","88110","34947048","",""
"fresh-sweep-1","40","0.6494661921708185","0.7164175200428977","210","121","76","155","0.6714210841390822","0.4933750166886289","0.48692329922604816","0.571439892862623","rate_match","multitask_unet","cosine","","val/multi","finished","2025-09-11T13:58:25.000Z","27150","","40","1","32","0.5","false","true","0.5","25","0.1","rate_match","0.5","0.1","10","[0.1,0.9]","","2","inverse","","threshold","auto","0.5","true","false","true","false","0.22856801734492135","","","40","0","0.3","1","[256,256]","true","0.00015952434903476325","","","","0.65","2","8","","","","","","","","","","","","","","","","","","","","","","","","","","","","","","","","","","","","","","","","","","","","","","","","","","","","","","","","","","","0","max","1","","20","42","0.55","multitask","","true","0","0.1","0.00002613661275963033","","","0.0001","0.5","1.5","split","","","","","0.00015952434903476325","0.6700112223625183","0.00015952434903476325","3240","0.5","[[210,121],[76,155]]","0.4110320284697509","","","","","","","","[[0,963262],[0,35867970]]","0","963262","0","35867970","0.5","0","0.9867500333772578","0","0.9738465984520964","","","0.6527183651924133","","[0,0,0,0,0,0,0,0,0,42,254,195,69,2,0,0,0,0,0,0]","0.6535762548446655","0.5458456873893738","0.48189353942871094","0.5027823448181152","0.6049197912216187","0.9252669215202332","0.46963024139404297","0.24696989357471463","0.5","true","[""head"",""classifier"",""mlp_head"",""fc"",""cls""]","2","0.75","1","0.2","true","false","","","","","","","","","","","","","","","","","","","","","","","","","","0.1","0.01","0.95","0.05","5","10","0.95","0.05","5","","","","","","","","","","","","","","","","","","","","","0.6479299685821425","0.5615942028985508","0.6527183793044821","0.670995670995671","0.7164175200428977","[[210,121],[76,155]]","210","121","76","155","0.49110320284697506","0.4933750166886289","0","0.9867500333772578","0.48692329922604816","0","0.9738465984520964","[[0,963262],[0,35867970]]","0","963262","0","35867970","",""
"mild-sweep-2","40","0.6832740213523132","0.7365977426400386","250","81","97","134","1.249794085820516","0.4875040752707907","0.4756175139620635","0.5746868588500275","f1","multitask_unet","plateau","","val/multi","finished","2025-09-11T08:59:53.000Z","23041","kmwurezn","40","2","64","0.5","false","true","0.52","25","0.2","rate_match","0.5","0.2","20","[0.1,0.9]","","2","inverse","","threshold","auto","0.5","true","false","true","false","0.20450033400943593","","","40","0","0.5","1","[256,256]","true","0.0007117305323161174","","","","0.65","2","8","","","","","","","","","","","","","","","","","","","","","","","","","","","","","","","","","","","","","","","","","","","","","","","","","","","","","","","","","","","0","max","1","","20","42","0.5","multitask","","true","2","0.1","0.000014464571805740765","","","0.0001","0.5","1.5","single","","","","","0.0007117305323161174","1.3037567138671875","0.0007117305323161174","1600","0.5","[[250,81],[97,134]]","0.4110320284697509","","","","","","","","[[0,1796074],[0,35035158]]","0","1796074","0","35035158","0.5","0","0.9750081505415814","0","0.951235027924127","","","0.6676868200302124","","[0,0,0,0,0,0,0,0,0,42,407,109,4,0,0,0,0,0,0,0]","0.606400728225708","0.5273125767707825","0.4873891770839691","0.5026290416717529","0.5618719458580017","0.9252669215202332","0.43722638487815857","0.2170363962650299","0.5","true","[""head"",""classifier"",""mlp_head"",""fc"",""cls""]","2","0.75","1","0.2","true","false","","","","","","","","","","","","","","","","","","","","","","","","","","0.1","0.03","0.95","0.05","5","5","0.95","0.05","5","","","","","","","","","","","","","","","","","","","","","0.6718584545271764","0.6232558139534884","0.6676867945750121","0.5800865800865801","0.7365977426400387","[[250,81],[97,134]]","250","81","97","134","0.3825622775800712","0.4875040752707907","0","0.9750081505415814","0.4756175139620635","0","0.951235027924127","[[0,1796074],[0,35035158]]","0","1796074","0","35035158","",""
"northern-sweep-1","40","0.6334519572953736","0.7042806136461726","193","138","68","163","1.5936909251742892","0.4880417876154274","0.4756581272595301","0.5637253767261882","youden","multitask_unet","cosine","","val/multi","finished","2025-09-11T02:40:41.000Z","22720","kmwurezn","40","2","64","1","false","true","0.5","25","0.1","keep_last","0.6","0.05","10","[0.1,0.9]","","3","inverse","","threshold","auto","0.5","true","false","true","false","0.1959332808485534","","","40","0","0.3","1","[256,256]","true","0.000055010370869211945","","","","0.65","2","8","","","","","","","","","","","","","","","","","","","","","","","","","","","","","","","","","","","","","","","","","","","","","","","","","","","","","","","","","","","0","max","1","","20","42","0.45","multitask","","true","2","0.1","0.00004843454603770363","","","0.0005","0.5","1.5","single","","","","","0.000055010370869211945","1.807788372039795","0.000055010370869211945","1600","0.5","[[193,138],[68,163]]","0.4110320284697509","","","","","","","","[[1276,1794798],[24042,35011116]]","1276","1794798","24042","35011116","0.5","0.0014011261716313677","0.9746824490592234","0.000701054218522336","0.950615200300538","","","0.6443545818328857","","[0,0,0,0,0,0,0,0,0,169,393,0,0,0,0,0,0,0,0,0]","0.5248810648918152","0.504183828830719","0.4905111491680145","0.495721697807312","0.5145114064216614","0.6992882490158081","0.4979677498340606","0.16487771272659302","0.5","true","[""head"",""classifier"",""mlp_head"",""fc"",""cls""]","2","0.75","1","0.2","true","false","","","","","","","","","","","","","","","","","","","","","","","","","","0.1","0.02","0.95","0.05","5","5","0.95","0.05","5","","","","","","","","","","","","","","","","","","","","","0.6404959203676124","0.5415282392026578","0.6443546383123422","0.7056277056277056","0.7042806136461726","[[193,138],[68,163]]","193","138","68","163","0.5355871886120996","0.4882775457129691","0.0019681735404216373","0.9745869178855168","0.4757092650590852","0.0009850561509368704","0.9504334739672337","[[1800,1794274],[31233,35003925]]","1800","1794274","31233","35003925","",""
"dandy-sweep-1","40","0.6565836298932385","0.697231268228247","201","130","63","168","1.453922364446852","0.49647652891591537","0.4874958677294041","0.5466652137439982","youden","multitask_unet","none","","val/multi","finished","2025-09-11T02:34:08.000Z","32552","","40","2","64","0.5","false","true","0.52","0","0.3","rate_match","0.4","0.05","10","[0.1,0.9]","","2","inverse","","threshold","auto","0.5","true","false","true","false","0.22636364361511607","","","40","0","0.5","1","[256,256]","true","0.00004880515927532792","","","","0.75","2","8","","","","","","","","","","","","","","","","","","","","","","","","","","","","","","","","","","","","","","","","","","","","","","","","","","","","","","","","","","","0","max","1","","20","42","0.45","multitask","","true","3","0.1","0.00001930303226660882","","","0.0005","0.5","1.5","single","","","","","0.00004880515927532792","1.3943344354629517","0.00004880515927532792","1600","0.5","[[201,130],[63,168]]","0.4110320284697509","","","","","","","","[[4044,959218],[101621,35766349]]","4044","959218","101621","35766349","0.5","0.00756646618524932","0.9853865916465814","0.00379760029975124","0.971194135159057","","","0.6672617197036743","","[0,0,0,0,0,0,0,0,0,185,377,0,0,0,0,0,0,0,0,0]","0.523222804069519","0.5028952360153198","0.4914462566375733","0.49614912271499634","0.5129556655883789","0.6708185076713562","0.505592942237854","0.22747544944286344","0.5","true","[""head"",""classifier"",""mlp_head"",""fc"",""cls""]","2","0.75","1","0.2","true","false","","","","","","","","","","","","","","","","","","","","","","","","","","0.1","0.01","0.95","0.05","0","0","0.95","0.05","5","","","","","","","","","","","","","","","","","","","","","0.6625610128126906","0.5637583892617449","0.6672617412798683","0.7272727272727273","0.697231268228247","[[201,130],[63,168]]","201","130","63","168","0.5302491103202847","0.4966262727872539","0.007967254195161505","0.9852852913793464","0.48749845408993553","0.0039995598525879176","0.9709973483272832","[[4289,958973],[109106,35758864]]","4289","958973","109106","35758864","",""
"skilled-sweep-3","40","0.6886120996441281","0.7467074717830006","148","183","26","205","1.3848619593514335","0.48761502388861977","0.4756531269601212","0.5523881358622149","youden","multitask_unet","plateau","","val/multi","finished","2025-09-10T15:19:45.000Z","23409","wccen2jl","40","2","64","0.5","false","true","0.5","0","0.3","rate_match","0.4","0.2","5","[0.1,0.9]","0.15","3","inverse","","threshold","auto","0.5","true","false","true","false","0.21296633843780036","","","40","0","0.3","1","[256,256]","true","0.00008884525144729115","","","","0.75","2","8","","","","","","","","","","","","","","","","","","","","","","","","","","","","","","","","","","","","","","","","","","","","","","","","","","","","","","","","","","","0","max","1","","20","42","0.5","multitask","","true","3","0.2","0.000033080973123482384","","","0.0005","0.5","1.5","single","","","","","0.00008884525144729115","0.8234143257141113","0.00008884525144729115","1600","0.5","[[148,183],[26,205]]","0.4110320210456848","0.690391480922699","0.5283505154639175","","","0.8874458874458875","0.4471299093655589","0.8874458874458875","[[225,1795849],[2199,35032959]]","225","1795849","2199","35032959","0.5","0.0002502087853308705","0.9749798389919088","0.00012512004573276693","0.9511811338745096","","","0.6672878984057232","0.6623586429725364","[0,0,0,0,0,0,0,0,73,241,217,31,0,0,0,0,0,0,0,0]","0.5765848159790039","0.4947427213191986","0.4070490300655365","0.4463861584663391","0.5411258935928345","0.44128113985061646","0.455201655626297","0.31735023856163025","0.23197156190872192","true","[""head"",""classifier"",""mlp_head"",""fc"",""cls""]","","","1","","true","false","","","","","","","","","","","","","","","","","","","","","","","","","","0.1","","0.95","0.05","0","10","0.95","0.05","3","","","","","","","","","","","","","","","","","","","","","0.6803282906246784","0.6138211382113821","0.6833352951177725","0.6536796536796536","","","","","","","","0.487590203355559","0.00019024636904791704","0.97499016034207","0.4756479567762973","0.00009513223380498892","0.9512007813187896","[[171,1795903],[1424,35033734]]","171","1795903","1424","35033734","",""
"balmy-sweep-2","40","0.701067615658363","0.762087861785747","198","133","44","187","0.7664719223976135","0.4878916678575079","0.475702775099241","0.5564407163395677","youden","multitask_unet","none","","val/multi","finished","2025-09-10T08:49:36.000Z","23374","wccen2jl","40","1","64","0.5","false","true","0.55","25","0.3","rate_match","0.5","0.05","5","[0.1,0.9]","0.15","3","inverse","","threshold","auto","0.5","true","false","true","false","0.21257293591156604","","","40","0","0.5","1","[256,256]","true","0.00005363558957584577","","","","0.75","2","8","","","","","","","","","","","","","","","","","","","","","","","","","","","","","","","","","","","","","","","","","","","","","","","","","","","","","","","","","","","0","max","1","","20","42","0.55","multitask","","true","3","0.1","0.000026820882303784643","","","0.0005","0.5","1.5","split","","","","","0.00005363558957584577","0.5864571928977966","0.00005363558957584577","1600","0.5","[[198,133],[44,187]]","0.4110320210456848","0.5693950057029724","0.584375","","","0.8095238095238095","0.5981873111782477","0.8095238095238095","[[841,1795233],[11654,35023504]]","841","1795233","11654","35023504","0.5","0.000930017046626366","0.9748533186683896","0.0004652248568368693","0.9509403253416452","","","0.7038555603510286","0.6787658802177858","[0,0,0,0,0,0,0,0,164,365,33,0,0,0,0,0,0,0,0,0]","0.5226174592971802","0.4653656780719757","0.4137089848518371","0.4363809525966644","0.4960358142852783","0.058718860149383545","0.4578517377376557","0.3120926320552826","0.3789954483509064","true","[""head"",""classifier"",""mlp_head"",""fc"",""cls""]","","","1","","true","false","","","","","","","","","","","","","","","","","","","","","","","","","","0.1","","0.95","0.05","5","5","0.95","0.05","2","","","","","","","","","","","","","","","","","","","","","0.6966393494695382","0.6188679245283019","0.7024103791475393","0.70995670995671","","","","","","","","0.4879721446672741","0.0011029367071260985","0.974841352627422","0.4757346629320703","0.0005517726387116607","0.9509175532254288","[[998,1795076],[12642,35022516]]","998","1795076","12642","35022516","",""
"dazzling-sweep-1","40","0.6903914590747331","0.7520304468944952","182","149","32","199","1.284572998682658","0.4875040396146265","0.47561744608488793","0.5536356414345937","f1","multitask_unet","plateau","","val/multi","finished","2025-09-10T02:24:34.000Z","23083","wccen2jl","40","2","64","0.5","false","true","0.5","25","0.2","keep_last","0.4","0.1","20","[0.1,0.9]","0.15","3","inverse","","threshold","auto","0.5","true","false","true","false","0.20689656953457083","","","40","0","0.3","1","[256,256]","true","0.0003712304982480916","","","","0.75","2","8","","","","","","","","","","","","","","","","","","","","","","","","","","","","","","","","","","","","","","","","","","","","","","","","","","","","","","","","","","","0","max","1","","20","42","0.55","multitask","","true","0","0.1","0.0000190998927524742","","","0.0001","0.5","1.5","single","","","","","0.0003712304982480916","1.0838708877563477","0.0003712304982480916","1600","0.5","[[182,149],[32,199]]","0.4110320210456848","0.6192170977592468","0.5718390804597702","","","0.8614718614718615","0.5498489425981873","0.8614718614718615","[[0,1796074],[5,35035153]]","0","1796074","5","35035153","0.5","0","0.975008079229253","0","0.951234892169776","","","0.7056604020350243","0.687392055267703","[0,0,0,0,0,0,0,0,1,125,164,137,117,18,0,0,0,0,0,0]","0.6770892143249512","0.5466330051422119","0.4382466971874237","0.4825921654701233","0.6282796263694763","0.7758007049560547","0.4954933822154999","0.2669987380504608","0.4101117253303528","true","[""head"",""classifier"",""mlp_head"",""fc"",""cls""]","","","1","","true","false","","","","","","","","","","","","","","","","","","","","","","","","","","0.1","","0.95","0.05","5","0","0.95","0.05","2","","","","","","","","","","","","","","","","","","","","","0.6960930055269678","0.5959595959595959","0.7018480009416566","0.7662337662337663","","","","","","","","0.4875062082274168","0.000004454107382961369","0.9750079623474508","0.4756184483626904","0.000002227058651259875","0.9512346696667296","[[4,1796070],[17,35035141]]","4","1796070","17","35035141","",""
"upbeat-sweep-1","40","0.7117437722419929","0.7449811014765697","202","129","57","174","1.3253270520104303","0.4938019986209798","0.4868953567131885","0.6068325949059952","f1","multitask_unet","cosine","","val/multi","finished","2025-09-10T02:02:41.000Z","30800","","40","2","64","0.5","false","true","0.52","0","0.2","keep_last","0.5","0.05","10","[0.1,0.9]","0.1","3","inverse","","threshold","auto","0.5","true","false","true","false","0.20867511793985571","","","40","0","0.5","1","[256,256]","true","0.00004961905736099503","","","","0.55","2","8","","","","","","","","","","","","","","","","","","","","","","","","","","","","","","","","","","","","","","","","","","","","","","","","","","","","","","","","","","","0","max","1","","20","42","0.5","multitask","","true","0","0.1","0.000011064761884924164","","","0.0005","0.5","1.5","single","","","","","0.00004961905736099503","1.0298947095870972","0.00004961905736099503","1600","0.5","[[202,129],[57,174]]","0.4110320210456848","0.5391458868980408","0.5742574257425742","","","0.7532467532467533","0.6102719033232629","0.7532467532467533","[[587,962675],[24517,35843453]]","587","962675","24517","35843453","0.5","0.0011878190872611969","0.9864161781546984","0.0005942624817899551","0.9731964509445872","","","0.6817593282850081","0.6516853932584269","[0,0,0,0,0,0,0,7,337,218,0,0,0,0,0,0,0,0,0,0]","0.4929541051387787","0.4408765435218811","0.3856559991836548","0.41423431038856506","0.4749251306056976","0","0.38612252473831177","0.2646965980529785","0.30298396944999695","true","[""head"",""classifier"",""mlp_head"",""fc"",""cls""]","","","1","","true","false","","","","","","","","","","","","","","","","","","","","","","","","","","0.1","","0.95","0.05","0","10","0.95","0.05","3","","","","","","","","","","","","","","","","","","","","","0.705739867641334","0.6885245901639344","0.6866245536940401","0.5454545454545454","","","","","","","","0.4938778209120543","0.001419988857311233","0.9863356529667974","0.4868750998483206","0.0007104988789012024","0.9730397008177402","[[706,962556],[30406,35837564]]","706","962556","30406","35837564","",""
"skilled-sweep-1","40","0.6459074733096085","0.6997815879991107","220","111","90","141","0.6769740780194601","0.4933750166886289","0.48692329922604816","0.5862579737783458","rate_match","multitask_unet","none","","val/multi","finished","2025-09-09T03:39:49.000Z","18911","","40","1","32","0.5","false","true","0.52","25","0.1","rate_match","0.6","0.1","20","[0.1,0.9]","0.12","2","inverse","","threshold","auto","0.5","true","false","true","false","0.2388895326347848","","","40","0","0.3","1","[256,256]","true","0.0007511124773441018","","","","0.55","2","8","","","","","","","","","","","","","","","","","","","","","","","","","","","","","","","","","","","","","","","","","","","","","","","","","","","","","","","","","","","0","max","1","","20","42","0.55","multitask","","true","3","0.2","0.000014579481792986576","","","0.0001","0.5","1.5","split","","","","","0.0007511124773441018","0.569293200969696","0.0007511124773441018","3240","0.5","[[220,111],[90,141]]","0.4110320210456848","0.4483985900878906","0.573394495412844","","","0.5411255411255411","","","[[0,963262],[0,35867970]]","0","963262","0","35867970","0.5","0","0.9867500333772578","0","0.9738465984520964","","","","","","","","","","","","","","","true","[""head"",""classifier"",""mlp_head"",""fc"",""cls""]","","","1","","true","false","","","","","","","","","","","","","","","","","","","","","","","","","","0.1","","0.95","0.05","0","5","0.95","0.05","3","","","","","","","","","0.9969916343688964","0.43354296684265137","0.4323627054691314","0.0025308560580015182","0.9969916343688964","0.43354296684265137","0.4323627054691314","0.0025308560580015182","0.9969916343688964","0.43354296684265137","0.4323627054691314","0.0025308560580015182","","","","","","","","","","","","0.4933750166886289","0","0.9867500333772578","0.48692329922604816","0","0.9738465984520964","[[0,963262],[0,35867970]]","0","963262","0","35867970","",""
"glamorous-sweep-2","40","0.6512455516014235","0.7130040151188188","127","204","25","206","0.7965253558423784","0.4875040752707907","0.4756175139620635","0.5664290542176005","youden","multitask_unet","plateau","","val/multi","finished","2025-09-06T18:44:13.000Z","29299","bv3gs06w","40","1","32","1","false","true","0.5","25","0.3","keep_last","0.6","0.1","20","[0.1,0.9]","0.12","1","inverse","","threshold","auto","0.5","true","false","true","false","0.1984038876174662","","","40","0","0.3","1","[256,256]","true","0.00040422929240948967","","","","0.65","2","8","","","","","","","","","","","","","","","","","","","","","","","","","","","","","","","","","","","","","","","","","","","","","","","","","","","","","","","","","","","0","max","1","","20","42","0.5","multitask","","true","2","0.1","0.00001684210839553968","","","0.0005","0.5","1.5","single","","","","","0.00040422929240948967","0.6756977438926697","0.00040422929240948967","3240","0.23960602283477783","[[236,95],[101,130]]","0.4110320210456848","0.40035587549209595","0.6390372568414111","","","0.637880749663227","0.3836858006042296","0.8917748917748918","[[0,1796074],[0,35035158]]","0","1796074","0","35035158","0.23960602283477783","0","0.9750081505415814","0","0.951235027924127","0.24955140529158656","0.8833067031436145","0.6377303461895607","0.6427457098283932","[0,0,0,0,0,0,0,0,0,0,2,248,298,14,0,0,0,0,0,0]","0.6701738834381104","0.6035451889038086","0.5466488599777222","0.5702612996101379","0.6361659169197083","1","0.42085954546928406","0.2336197793483734","0.23960602283477783","","","","","","","","","","","","","","","","","","","","","","","","","","","","","","","","","","","","","","","","","","","","","","","","","","","","","","","","","","","","","","","","","","","","","","","","","","","","","","","","","","","","","",""
"colorful-sweep-1","40","0.6672597864768683","0.7152927636311321","173","158","46","185","1.399590790271759","0.4933750166886289","0.48692329922604816","0.5710462281185049","f1","multitask_unet","cosine","","val/multi","finished","2025-09-06T11:01:22.000Z","36223","","40","2","32","1","false","true","0.5","0","0.2","rate_match","0.6","0.2","10","[0.1,0.9]","0.08","2","inverse","","threshold","auto","0.5","true","false","true","false","0.18049215331984192","","","40","0","0.3","1","[256,256]","true","0.00038533905503449286","","","","0.65","2","8","","","","","","","","","","","","","","","","","","","","","","","","","","","","","","","","","","","","","","","","","","","","","","","","","","","","","","","","","","","0","max","1","","20","42","0.5","multitask","","true","3","0.1","0.000014228358599815554","","","0.0001","0.5","1.5","single","","","","","0.00038533905503449286","1.144623041152954","0.00038533905503449286","3240","0.2696036100387573","[[241,90],[97,134]]","0.4110320210456848","0.3985764980316162","0.6556160185967879","","","0.6540916284118701","0.5226586102719033","0.8008658008658008","[[0,963262],[0,35867970]]","0","963262","0","35867970","0.2696036100387573","0","0.9867500333772578","0","0.9738465984520964","0.2503524672708962","0.8917399889661137","0.6617622055688521","0.6445993031358885","[0,0,0,0,0,0,0,0,0,0,0,282,280,0,0,0,0,0,0,0]","0.6191486120223999","0.5998799204826355","0.5695263147354126","0.5890395045280457","0.6094733476638794","1","0.3943654000759125","0.2804773151874542","0.2696036100387573","","","","","","","","","","","","","","","","","","","","","","","","","","","","","","","","","","","","","","","","","","","","","","","","","","","","","","","","","","","","","","","","","","","","","","","","","","","","","","","","","","","","","",""
"grateful-sweep-1","40","0.6797153024911032","0.7460273865107702","177","154","37","194","1.3193276358975303","0.4876822197721829","0.47566746849468566","0.5781030281306885","f1","multitask_unet","none","","val/multi","finished","2025-09-06T10:51:13.000Z","28358","bv3gs06w","40","2","32","0.5","false","true","0.5","25","0.3","rate_match","0.5","0.05","20","[0.1,0.9]","0.1","1","inverse","","threshold","auto","0.5","true","false","true","false","0.1927357904954891","","","40","0","0.5","1","[256,256]","true","0.00003231091603906469","","","","0.65","2","8","","","","","","","","","","","","","","","","","","","","","","","","","","","","","","","","","","","","","","","","","","","","","","","","","","","","","","","","","","","0","max","1","","20","42","0.5","multitask","","true","0","0.2","0.000010978882386349308","","","0.0005","0.5","1.5","single","","","","","0.00003231091603906469","1.1674456596374512","0.00003231091603906469","3240","0.21721552312374115","[[258,73],[107,124]]","0.4110320210456848","0.3505338132381439","0.6681454697169877","","","0.6581263650750055","0.5347432024169184","0.8398268398268398","[[371,1795703],[4263,35030895]]","371","1795703","4263","35030895","0.21721552312374115","0.0004120601452317644","0.974952379399134","0.0002060725297541516","0.9511288644596172","0.2613774243731702","0.8948286318882066","0.6872850211218791","0.6701208981001727","[0,0,0,0,0,0,0,0,9,210,307,36,0,0,0,0,0,0,0,0]","0.5708808898925781","0.5109588503837585","0.4429796934127808","0.4698430597782135","0.5454299449920654","0.6103202700614929","0.3785025179386139","0.2798443138599396","0.21721552312374115","","","","","","","","","","","","","","","","","","","","","","","","","","","","","","","","","","","","","","","","","","","","","","","","","","","","","","","","","","","","","","","","","","","","","","","","","","","","","","","","","","","","","",""
"comic-sweep-8","40","0.699288256227758","0.7517296399471627","147","184","22","209","0.7203823559814029","0.4876347771282891","0.4756618772078969","0.5800679791148948","youden","multitask_unet","warmcos","","val/multi","finished","2025-09-05T18:39:49.000Z","28550","se85ky0d","40","1","32","0.5","false","true","0.55","25","0.2","keep_last","0.4","0.1","10","[0.1,0.9]","0.12","2","inverse","","threshold","auto","0.5","true","false","true","false","0.2177609745060846","","","40","0","0.5","1","[256,256]","true","0.00003708506879888953","","","","0.65","2","8","","","","","","","","","","","","","","","","","","","","","","","","","","","","","","","","","","","","","","","","","","","","","","","","","","","","","","","","","","","0","max","1","","20","42","0.5","multitask","","true","3","0.1","0.000023277491062656332","","","0.0005","0.5","1.5","single","","","","","0.00003708506879888953","0.645397424697876","0.00003708506879888953","3240","0.4865080266961804","[[255,76],[93,138]]","0.4110320210456848","0.3807829320430755","0.6888092168868836","","","0.6838976733236553","0.4441087613293051","0.9047619047619048","[[262,1795812],[2347,35032811]]","262","1795812","2347","35032811","0.4865080266961804","0.0002913242633638056","0.9749782299932144","0.00014568335222953912","0.9511780710635642","0.2632947347526934","0.8968412234770964","0.674435333045605","0.6698717948717949","[0,0,0,0,0,0,0,0,0,146,305,111,0,0,0,0,0,0,0,0]","0.5870885848999023","0.5255568623542786","0.45425838232040405","0.48276209831237793","0.5613899827003479","0.7402135133743286","","","0.15430352091789246","","","","","","","","","","","","","","","","","","","","","","","","","","","","","","","","","","","","","","","","","","","","","","","","","","","","","","","","","","","","","","","","","","","","","","","","","","","","","","","","","","","","","",""
"giddy-sweep-3","40","0.6654804270462633","0.7115392160709382","241","90","98","133","0.6844762133227454","0.4933750166886289","0.48692329922604816","0.5697324864724371","f1","multitask_unet","plateau","","val/multi","finished","2025-09-05T15:14:31.000Z","28179","","40","1","32","0.5","false","true","0.5","25","0.3","rate_match","0.4","0.1","20","[0.1,0.9]","0.15","1","inverse","","threshold","auto","0.5","true","false","true","false","0.22373931138856473","","","40","0","0.3","1","[256,256]","true","0.000571840843695824","","","","0.65","2","8","","","","","","","","","","","","","","","","","","","","","","","","","","","","","","","","","","","","","","","","","","","","","","","","","","","","","","","","","","","0","max","1","","20","42","0.5","multitask","","true","0","0.2","0.000011062152345358436","","","0.0005","0.5","1.5","single","","","","","0.000571840843695824","0.5617254972457886","0.000571840843695824","3240","0.4199428846942507","[[241,90],[98,133]]","","","0.6536635051655488","","","0.651927126247368","","","[[0,963262],[0,35867970]]","0","963262","0","35867970","0.4199428846942507","0","0.9867500333772578","0","0.9738465984520964","0.24903872562482832","0.8904262473200458","","","","","","","","","","","","","","","","","","","","","","","","","","","","","","","","","","","","","","","","","","","","","","","","","","","","","","","","","","","","","","","","","","","","","","","","","","","","","","","","","","","","","","","","","","","","","","","","","",""
"twilight-sweep-4","40","0.6743772241992882","0.7497286198192544","221","110","73","158","0.7122001846631368","0.487525571113899","0.47562483784391946","0.5792966381607734","rate_match","multitask_unet","none","","val/multi","finished","2025-09-05T11:28:23.000Z","24092","se85ky0d","40","1","64","0.5","false","true","0.52","0","0.1","rate_match","0.6","0.1","20","[0.1,0.9]","0.15","1","inverse","","threshold","auto","0.5","true","false","true","false","0.18324863688254303","","","40","0","0.5","1","[256,256]","true","0.00012499705586379098","","","","0.65","2","8","","","","","","","","","","","","","","","","","","","","","","","","","","","","","","","","","","","","","","","","","","","","","","","","","","","","","","","","","","","0","max","1","","20","42","0.5","multitask","","true","3","0.2","0.00004165090642337343","","","0.0005","0.5","1.5","split","","","","","0.00012499705586379098","0.4843914210796356","0.00012499705586379098","1600","0.43091223094560754","[[221,110],[73,158]]","","","0.6706264595390394","","","0.6758281999973843","","","[[43,1796031],[383,35034775]]","43","1796031","383","35034775","0.43091223094560754","0.00004787086000556638","0.9750032713677924","0.00002393600292130566","0.9512257396849176","0.26243613299574264","0.8961571433258041","","","","","","","","","","","","","","","","","","","","","","","","","","","","","","","","","","","","","","","","","","","","","","","","","","","","","","","","","","","","","","","","","","","","","","","","","","","","","","","","","","","","","","","","","","","","","","","","","",""
"dauntless-sweep-2","40","0.693950177935943","0.7330665306496122","271","60","112","119","0.7633244792620341","0.49337595009543295","0.48692361430042863","0.5772676532893957","youden","multitask_unet","none","","val/multi","finished","2025-09-05T06:12:59.000Z","32487","","40","1","32","1","false","true","0.55","0","0.1","rate_match","0.6","0.1","5","[0.1,0.9]","0.08","2","inverse","","threshold","auto","0.5","true","false","true","false","0.22079472499763253","","","40","0","0.5","1","[256,256]","true","0.00020817610837585952","","","","0.65","2","8","","","","","","","","","","","","","","","","","","","","","","","","","","","","","","","","","","","","","","","","","","","","","","","","","","","","","","","","","","","0","max","1","","20","42","0.5","multitask","","true","3","0.2","0.000016393544466301065","","","0.0001","0.5","1.5","split","","","","","0.00020817610837585952","0.5636767745018005","0.00020817610837585952","3240","0.5015691445982278","[[271,60],[112,119]]","","","0.6861881354201613","","","0.6669413164881443","","","[[1,963261],[16,35867954]]","1","963261","16","35867954","0.5015691445982278","0.0000020762416703779485","0.9867498239491956","0.0000010381219128849615","0.9738461904789444","0.25657463528445","0.8979606712943414","","","","","","","","","","","","","","","","","","","","","","","","","","","","","","","","","","","","","","","","","","","","","","","","","","","","","","","","","","","","","","","","","","","","","","","","","","","","","","","","","","","","","","","","","","","","","","","","","",""
"young-sweep-3","40","0.6548042704626335","0.7348582937706803","217","114","80","151","1.40359009636773","0.4875108234558777","0.4756202010674313","0.5740824380660586","f1","multitask_unet","none","","val/multi","finished","2025-09-05T03:41:48.000Z","27977","se85ky0d","40","2","64","0.5","false","true","0.5","0","0.3","rate_match","0.6","0.1","5","[0.1,0.9]","0.08","1","inverse","","threshold","auto","0.5","true","false","true","false","0.2090757908076829","","","40","0","0.3","1","[256,256]","true","0.00016350250904193235","","","","0.65","2","8","","","","","","","","","","","","","","","","","","","","","","","","","","","","","","","","","","","","","","","","","","","","","","","","","","","","","","","","","","","0","max","1","","20","42","0.5","multitask","","true","2","0.2","0.000010530131925673264","","","0.0001","0.5","1.5","split","","","","","0.00016350250904193235","0.8323315382003784","0.00016350250904193235","1600","0.5275835001771718","[[217,114],[80,151]]","","","0.6502255256972238","","","0.6546343887733616","","","[[13,1796061],[81,35035077]]","13","1796061","81","35035077","0.5275835001771718","0.000014475260666040147","0.9750071716510894","0.000007237682716692045","0.951233164452146","0.257209811739171","0.8909550643929462","","","","","","","","","","","","","","","","","","","","","","","","","","","","","","","","","","","","","","","","","","","","","","","","","","","","","","","","","","","","","","","","","","","","","","","","","","","","","","","","","","","","","","","","","","","","","","","","","",""
"smooth-sweep-1","40","0.699288256227758","0.7456088724970901","262","69","100","131","1.3279991812176175","0.4994228365755189","0.48676685746056714","0.5855879491480688","youden","multitask_unet","warmcos","","val/multi","finished","2025-09-04T20:54:23.000Z","33507","","40","2","64","0.5","false","true","0.55","0","0.3","keep_last","0.5","0.2","5","[0.1,0.9]","0.12","3","inverse","","threshold","auto","0.5","true","false","true","false","0.21795731324660209","","","40","0","0.3","1","[256,256]","true","0.00004317740524862972","","","","0.65","2","8","","","","","","","","","","","","","","","","","","","","","","","","","","","","","","","","","","","","","","","","","","","","","","","","","","","","","","","","","","","0","max","1","","20","42","0.5","multitask","","true","0","0.2","0.0000449111441411808","","","0.0005","0.5","1.5","split","","","","","0.00004317740524862972","1.097398281097412","0.00004317740524862972","1600","0.4231435266454655","[[262,69],[100,131]]","","","0.6893784530386741","","","0.6793201762990282","","","[[10795,952467],[329497,35538473]]","10795","952467","329497","35538473","0.4231435266454655","0.01656241321801782","0.98228325993302","0.008350357645934007","0.9651833572752002","0.27172867396569306","0.8994472243304446","","","","","","","","","","","","","","","","","","","","","","","","","","","","","","","","","","","","","","","","","","","","","","","","","","","","","","","","","","","","","","","","","","","","","","","","","","","","","","","","","","","","","","","","","","","","","","","","","",""
"drawn-sweep-2","40","0.6761565836298933","0.7483553707118662","258","73","109","122","0.7314897212717268","0.4876492005286484","0.475665202668894","0.5788963600927746","youden","multitask_unet","cosine","","val/multi","finished","2025-09-04T20:26:12.000Z","26120","se85ky0d","40","1","32","0.5","false","true","0.55","0","0.1","rate_match","0.4","0.1","10","[0.1,0.9]","0.1","2","inverse","","threshold","auto","0.5","true","false","true","false","0.19546489228429417","","","40","0","0.5","1","[256,256]","true","0.00003414625400658764","","","","0.65","2","8","","","","","","","","","","","","","","","","","","","","","","","","","","","","","","","","","","","","","","","","","","","","","","","","","","","","","","","","","","","0","max","1","","20","42","0.5","multitask","","true","0","0.2","0.000011616036796837616","","","0.0001","0.5","1.5","split","","","","","0.00003414625400658764","0.6317000985145569","0.00003414625400658764","3240","0.4987724223557228","[[258,73],[109,122]]","","","0.6643191504226926","","","0.6537973607460013","","","[[293,1795781],[2765,35032393]]","293","1795781","2765","35032393","0.4987724223557228","0.0003257126214196624","0.9749726884358773","0.00016288283720777678","0.9511675225005802","0.26213609295307594","0.8956566272324733","","","","","","","","","","","","","","","","","","","","","","","","","","","","","","","","","","","","","","","","","","","","","","","","","","","","","","","","","","","","","","","","","","","","","","","","","","","","","","","","","","","","","","","","","","","","","","","","","",""
"sparkling-sweep-1","40","0.6654804270462633","0.7285936621284054","210","121","67","164","0.8112816347016228","0.4875040752707907","0.4756175139620635","0.5718854306709558","youden","multitask_unet","none","","val/multi","finished","2025-09-04T12:51:49.000Z","27244","se85ky0d","40","1","64","1","false","true","0.55","25","0.3","keep_last","0.6","0.05","20","[0.1,0.9]","0.12","2","inverse","","threshold","auto","0.5","true","false","true","false","0.2174952222378945","","","40","0","0.5","1","[256,256]","true","0.0007679414721572084","","","","0.65","2","8","","","","","","","","","","","","","","","","","","","","","","","","","","","","","","","","","","","","","","","","","","","","","","","","","","","","","","","","","","","0","max","1","","20","42","0.5","multitask","","true","2","0.1","0.000020315017731314837","","","0.0001","0.5","1.5","single","","","","","0.0007679414721572084","0.6468688249588013","0.0007679414721572084","1600","0.5472527716631841","[[210,121],[67,164]]","","","0.6667806700867693","","","0.6721988987850016","","","[[0,1796074],[0,35035158]]","0","1796074","0","35035158","0.5472527716631841","0","0.9750081505415814","0","0.951235027924127","0.2550077817449419","0.8887630795969698","","","","","","","","","","","","","","","","","","","","","","","","","","","","","","","","","","","","","","","","","","","","","","","","","","","","","","","","","","","","","","","","","","","","","","","","","","","","","","","","","","","","","","","","","","","","","","","","","",""
"polished-sweep-5","40","0.697508896797153","0.7594983063261009","218","113","57","174","1.268972463077969","0.4875050882667097","0.47561787934692296","0.5827027145874966","youden","multitask_unet","","cosine","val/auc","finished","2025-09-04T02:14:04.000Z","28068","rjgvax1w","40","2","64","0.5","false","true","0.52","25","0.3","keep_last","0.6","0.1","20","[0.1,0.9]","0.15","3","inverse","","threshold","auto","0.5","true","false","true","false","0.19136957001788177","","","40","0","0.5","1","[256,256]","true","0.0005937799301529489","","","","0.65","2","8","","","","","","","","","","","","","","","","","","","","","","","","","","","","","","","","","","","","","","","","","","","","","","","","","","","","","","","","","","","0","max","1","","20","42","0.5","multitask","","true","2","0.1","0.000017394037539805218","","","0.0005","","","","","","","","0","1.11064875125885","9.152126803140648e-7","1600","0.49247455185725497","[[218,113],[57,174]]","","","0.6994995248653786","","","0.7059285125750383","","","[[2,1796072],[16,35035142]]","2","1796072","16","35035142","0.49247455185725497","0.0000022270574113130062","0.975007949476008","0.000001113529945604062","0.9512346451639004","0.26582585480145265","0.8995795743735406","","","","","","","","","","","","","","","","","","","","","","","","","","","","","","","","","","","","","","","","","","","","","","","","","","","","","","","","","","","","","","","","","","","","","","","","","","","","","","","","","","","","","","","","","","","","","","","","","",""
"confused-sweep-5","40","0.6708185053380783","0.7149657995579446","236","95","90","141","0.6767139004336463","0.4933750166886289","0.48692329922604816","0.5709317906928894","f1","multitask_unet","","none","val/auc","finished","2025-09-03T22:58:27.000Z","31699","","40","1","32","0.5","false","true","0.5","25","0.3","keep_last","0.6","0.2","5","[0.1,0.9]","0.12","1","inverse","","threshold","auto","0.5","true","false","true","false","0.1814847284030852","","","40","0","0.5","1","[256,256]","true","0.0005958670311237182","","","","0.65","2","8","","","","","","","","","","","","","","","","","","","","","","","","","","","","","","","","","","","","","","","","","","","","","","","","","","","","","","","","","","","0","max","1","","20","42","0.5","multitask","","true","2","0.2","0.000044577494935142685","","","0.0005","","","","","","","","0.0005958670311237182","0.5793029069900513","0.0005958670311237182","3240","0.39714347697055274","[[236,95],[90,141]]","","","0.6606920037433711","","","0.6616902734727508","","","[[0,963262],[0,35867970]]","0","963262","0","35867970","0.39714347697055274","0","0.9867500333772578","0","0.9738465984520964","0.2502380298452806","0.891625551540498","","","","","","","","","","","","","","","","","","","","","","","","","","","","","","","","","","","","","","","","","","","","","","","","","","","","","","","","","","","","","","","","","","","","","","","","","","","","","","","","","","","","","","","","","","","","","","","","","",""
"snowy-sweep-4","40","0.6619217081850534","0.7389518839669896","208","123","67","164","1.3940912220213149","0.4916450010986033","0.442268220013618","0.5782024101025385","rate_match","multitask_unet","","plateau","val/auc","finished","2025-09-03T18:45:36.000Z","26886","rjgvax1w","40","2","64","0.5","false","true","0.55","0","0.3","rate_match","0.4","0.05","20","[0.1,0.9]","0.1","2","inverse","","threshold","auto","0.5","true","false","true","false","0.19273521530844448","","","40","0","0.5","1","[256,256]","true","0.00009176961732271536","","","","0.65","2","8","","","","","","","","","","","","","","","","","","","","","","","","","","","","","","","","","","","","","","","","","","","","","","","","","","","","","","","","","","","0","max","1","","20","42","0.5","multitask","","true","3","0.1","0.000012610908342712382","","","0.0001","","","","","","","","1.1202345864589278e-8","1.345760941505432","1.1202345864589278e-8","1600","0.4813965541195753","[[208,123],[67,164]]","","","0.6638961038961039","","","0.6691777507487477","","","[[183395,1612679],[3816340,31218818]]","183395","1612679","3816340","31218818","0.4813965541195753","0.06328538431822028","0.9200046178789864","0.032676669967682356","0.8518597700595536","0.2997686591952895","0.8566361610097875","","","","","","","","","","","","","","","","","","","","","","","","","","","","","","","","","","","","","","","","","","","","","","","","","","","","","","","","","","","","","","","","","","","","","","","","","","","","","","","","","","","","","","","","","","","","","","","","","",""
"pious-sweep-3","40","0.699288256227758","0.7408351970285505","272","59","110","121","0.7334155241648356","0.4933748773129249","0.486923027717346","0.5799859892133938","f1","multitask_unet","","none","val/auc","finished","2025-09-03T13:29:33.000Z","33535","","40","1","64","1","false","true","0.5","25","0.3","keep_last","0.5","0.05","10","[0.1,0.9]","0.08","3","inverse","","threshold","auto","0.5","true","false","true","false","0.19565687904658677","","","40","0","0.5","1","[256,256]","true","0.00022912164212995556","","","","0.65","2","8","","","","","","","","","","","","","","","","","","","","","","","","","","","","","","","","","","","","","","","","","","","","","","","","","","","","","","","","","","","0","max","1","","20","42","0.5","multitask","","true","3","0.2","0.00002582302359560973","","","0.0005","","","","","","","","0.00022912164212995556","0.6778733134269714","0.00022912164212995556","1600","0.5337763491537678","[[272,59],[110,121]]","","","0.6921320535194881","","","0.6727808948352756","","","[[0,963262],[20,35867950]]","0","963262","20","35867950","0.5337763491537678","0","0.9867497546258498","0","0.973846055434692","0.25929231895999266","0.900679659466795","","","","","","","","","","","","","","","","","","","","","","","","","","","","","","","","","","","","","","","","","","","","","","","","","","","","","","","","","","","","","","","","","","","","","","","","","","","","","","","","","","","","","","","","","","","","","","","","","",""
"azure-sweep-3","40","0.6850533807829181","0.754973123553184","214","117","60","171","1.311478488975101","0.4882715629760705","0.4757719644634242","0.5816171091780602","youden","multitask_unet","","cosine","val/auc","finished","2025-09-03T11:13:54.000Z","27055","rjgvax1w","40","2","32","0.5","false","true","0.55","0","0.2","rate_match","0.6","0.2","20","[0.1,0.9]","0.12","1","inverse","","threshold","auto","0.5","true","false","true","false","0.2150204475338052","","","40","0","0.5","1","[256,256]","true","0.00005031139914845636","","","","0.65","2","8","","","","","","","","","","","","","","","","","","","","","","","","","","","","","","","","","","","","","","","","","","","","","","","","","","","","","","","","","","","0","max","1","","20","42","0.5","multitask","","true","2","0.2","0.000026287066571753848","","","0.0005","","","","","","","","0","1.166008472442627","7.754662649704043e-8","3240","0.4602901337938133","[[214,117],[60,171]]","","","0.6873859489051095","","","0.6933927100090242","","","[[1697,1794377],[24566,35010592]]","1697","1794377","24566","35010592","0.4602901337938133","0.0018624436643716283","0.9746806822877694","0.0009320898145707004","0.9506118391122776","0.26545118162545595","0.8977830367306645","","","","","","","","","","","","","","","","","","","","","","","","","","","","","","","","","","","","","","","","","","","","","","","","","","","","","","","","","","","","","","","","","","","","","","","","","","","","","","","","","","","","","","","","","","","","","","","","","",""
"wandering-sweep-2","40","0.6779359430604982","0.744157152012137","219","112","69","162","1.5396289692984686","0.4911005104491665","0.4762995700622928","0.5796703349962062","youden","multitask_unet","","plateau","val/auc","finished","2025-09-03T04:58:15.000Z","22519","rjgvax1w","40","2","64","1","false","true","0.5","25","0.3","keep_last","0.4","0.05","20","[0.1,0.9]","0.08","3","inverse","","threshold","auto","0.5","true","false","true","false","0.22146125737032157","","","40","0","0.5","1","[256,256]","true","0.00014259489713962554","","","","0.65","2","8","","","","","","","","","","","","","","","","","","","","","","","","","","","","","","","","","","","","","","","","","","","","","","","","","","","","","","","","","","","0","max","1","","20","42","0.5","multitask","","true","2","0.1","0.000030509030547650217","","","0.0005","","","","","","","","1.7406603654739446e-8","1.4436988830566406","1.7406603654739446e-8","1600","0.4881131341360978","[[219,112],[69,162]]","","","0.6758287712895377","","","0.6814650606191393","","","[[8471,1787603],[120573,34914585]]","8471","1787603","120573","34914585","0.4881131341360978","0.008800499501848719","0.9734005213964844","0.004419697523852854","0.9481794426007328","0.26617532788044956","0.8931653421119627","","","","","","","","","","","","","","","","","","","","","","","","","","","","","","","","","","","","","","","","","","","","","","","","","","","","","","","","","","","","","","","","","","","","","","","","","","","","","","","","","","","","","","","","","","","","","","","","","",""
"usual-sweep-2","40","0.6886120996441281","0.7490354559840965","264","67","108","123","1.3094479772779677","0.4937949159731838","0.4871063103112429","0.5831291049770033","f1","multitask_unet","","none","val/auc","finished","2025-09-03T04:29:16.000Z","32411","","40","2","64","0.5","false","true","0.55","0","0.1","rate_match","0.6","0.2","10","[0.1,0.9]","0.1","3","inverse","","threshold","auto","0.5","true","false","true","false","0.1925873291970116","","","40","0","0.3","1","[256,256]","true","0.00007627323853175089","","","","0.65","2","8","","","","","","","","","","","","","","","","","","","","","","","","","","","","","","","","","","","","","","","","","","","","","","","","","","","","","","","","","","","0","max","1","","20","42","0.5","multitask","","true","0","0.2","0.000026178371238410742","","","0.0001","","","","","","","","0.00007627323853175089","0.8966550230979919","0.00007627323853175089","1600","0.4724803062100445","[[264,67],[108,123]]","","","0.6785229202037352","","","0.6650253070192647","","","[[424,962838],[3092,35864878]]","424","962838","3092","35864878","0.4724803062100445","0.0008771403569382009","0.9867126915894294","0.0004387626066638106","0.973773858015822","0.2627325508264436","0.9035256591275628","","","","","","","","","","","","","","","","","","","","","","","","","","","","","","","","","","","","","","","","","","","","","","","","","","","","","","","","","","","","","","","","","","","","","","","","","","","","","","","","","","","","","","","","","","","","","","","","","",""
"major-sweep-1","40","0.702846975088968","0.775153346150325","241","90","77","154","1.3523530165354412","0.4875290395366966","0.47562831186458376","0.5881975468514665","youden","multitask_unet","","cosine","val/auc","finished","2025-09-02T21:14:06.000Z","27827","rjgvax1w","40","2","64","1","false","true","0.55","0","0.2","rate_match","0.4","0.2","5","[0.1,0.9]","0.12","3","inverse","","threshold","auto","0.5","true","false","true","false","0.2107663144155324","","","40","0","0.3","1","[256,256]","true","0.00025040876263409946","","","","0.65","2","8","","","","","","","","","","","","","","","","","","","","","","","","","","","","","","","","","","","","","","","","","","","","","","","","","","","","","","","","","","","0","max","1","","20","42","0.5","multitask","","true","2","0.2","0.00001842532410190228","","","0.0005","","","","","","","","0","1.1814168691635132","3.859633227506524e-7","1600","0.5585255648118895","[[241,90],[77,154]]","","","0.6945045881018662","","","0.6973816717019135","","","[[47,1796027],[213,35034945]]","47","1796027","213","35034945","0.5585255648118895","0.000052328798541919266","0.9750057502748511","0.000026165083864660822","0.9512304586453028","0.271337684871666","0.9050574088312672","","","","","","","","","","","","","","","","","","","","","","","","","","","","","","","","","","","","","","","","","","","","","","","","","","","","","","","","","","","","","","","","","","","","","","","","","","","","","","","","","","","","","","","","","","","","","","","","","",""
"daily-sweep-1","40","0.6814946619217082","0.7508664547939472","202","129","50","181","0.6584444708294339","0.4933756852404625","0.48692309841340503","0.5834974545841821","rate_match","multitask_unet","","warmcos","val/auc","finished","2025-09-02T19:38:44.000Z","31825","","40","1","32","0.5","false","true","0.5","25","0.3","rate_match","0.6","0.2","5","[0.1,0.9]","0.15","1","inverse","","threshold","auto","0.5","true","false","true","false","0.1887136428478194","","","40","0","0.5","1","[256,256]","true","0.00034224664327351073","","","","0.65","2","8","","","","","","","","","","","","","","","","","","","","","","","","","","","","","","","","","","","","","","","","","","","","","","","","","","","","","","","","","","","0","max","1","","20","42","0.5","multitask","","true","3","0.2","0.00002920877817546104","","","0.0001","","","","","","","","0","0.5568265914916992","6.164737268373304e-7","3240","0.3669186065779268","[[202,129],[50,181]]","","","0.6927291346646185","","","0.6969108434365232","","","[[1,963261],[54,35867916]]","1","963261","54","35867916","0.3669186065779268","0.000002076159768798848","0.9867492943211562","0.0000010380809620103891","0.973845158745848","0.2628046086817312","0.9041903004866332","","","","","","","","","","","","","","","","","","","","","","","","","","","","","","","","","","","","","","","","","","","","","","","","","","","","","","","","","","","","","","","","","","","","","","","","","","","","","","","","","","","","","","","","","","","","","","","","","",""
"twilight-sweep-3","40","0.6797153024911032","0.7473221642405933","220","111","69","162","1.558641705248091","0.4932125767264321","0.47588609986143526","0.5821509323563885","rate_match","multitask_unet","","warmcos","val/auc","finished","2025-09-02T07:24:30.000Z","27954","w2u4l073","40","2","32","1","false","true","0.52","25","0.2","rate_match","0.4","0.1","5","[0.1,0.9]","0.08","1","inverse","","threshold","auto","0.5","true","false","true","false","0.2039592278493311","","","40","0","0.3","1","[256,256]","true","0.000035994696761400774","","","","0.65","2","8","","","","","","","","","","","","","","","","","","","","","","","","","","","","","","","","","","","","","","","","","","","","","","","","","","","","","","","","","","","0","max","1","","20","42","0.5","multitask","","true","3","0.2","0.00002649938356569348","","","0.0001","","","","","","","","0","1.5507346391677856","6.48356537456149e-8","3240","0.5033954168670617","[[220,111],[69,162]]","","","0.6773261340735389","","","0.6829756346372661","","","[[15831,1780243],[276492,34758666]]","15831","1780243","276492","34758666","0.5033954168670617","0.015160910497381485","0.9712642429554827","0.007638357475708855","0.9441338422471616","0.2714173493075056","0.8928845154052715","","","","","","","","","","","","","","","","","","","","","","","","","","","","","","","","","","","","","","","","","","","","","","","","","","","","","","","","","","","","","","","","","","","","","","","","","","","","","","","","","","","","","","","","","","","","","","","","","",""
"cool-sweep-2","40","0.6743772241992882","0.7464589790873779","253","78","105","126","0.7045997811688317","0.4875040182209256","0.47561740535858266","0.5781382545241839","youden","multitask_unet","","none","val/auc","finished","2025-09-02T00:07:49.000Z","26180","w2u4l073","40","1","32","0.5","false","true","0.52","25","0.3","rate_match","0.5","0.1","20","[0.1,0.9]","0.12","3","inverse","","threshold","auto","0.5","true","false","true","false","0.21170625044834063","","","40","0","0.3","1","[256,256]","true","0.00013342818271272827","","","","0.65","2","8","","","","","","","","","","","","","","","","","","","","","","","","","","","","","","","","","","","","","","","","","","","","","","","","","","","","","","","","","","","0","max","1","","20","42","0.5","multitask","","true","2","0.2","0.000012617321986486555","","","0.0001","","","","","","","","0.00013342818271272827","0.6150686144828796","0.00013342818271272827","3240","0.44061513790977314","[[253,78],[105,126]]","","","0.6621754847190273","","","0.6549024993133754","","","[[0,1796074],[8,35035150]]","0","1796074","8","35035150","0.44061513790977314","0","0.9750080364418512","0","0.9512348107171652","0.26126064268058224","0.8950158663677855","","","","","","","","","","","","","","","","","","","","","","","","","","","","","","","","","","","","","","","","","","","","","","","","","","","","","","","","","","","","","","","","","","","","","","","","","","","","","","","","","","","","","","","","","","","","","","","","","",""
"snowy-sweep-1","40","0.6672597864768683","0.7264226206824395","196","135","52","179","1.4582919014824762","0.4876861412156137","0.47568098331375736","0.5712439090290027","youden","multitask_unet","","plateau","val/auc","finished","2025-09-01T16:13:14.000Z","28452","w2u4l073","40","2","64","1","false","true","0.52","0","0.2","rate_match","0.4","0.05","5","[0.1,0.9]","0.15","1","inverse","","threshold","auto","0.5","true","false","true","false","0.23376026611250728","","","40","0","0.5","1","[256,256]","true","0.0004152699387112858","","","","0.65","2","8","","","","","","","","","","","","","","","","","","","","","","","","","","","","","","","","","","","","","","","","","","","","","","","","","","","","","","","","","","","0","max","1","","20","42","0.5","multitask","","true","0","0.1","0.000016687778666257386","","","0.0005","","","","","","","","1.2673032797585626e-8","1.380279302597046","1.2673032797585626e-8","1600","0.4574820847494477","[[196,135],[52,179]]","","","0.6801931374563386","","","0.6835183949987576","","","[[363,1795711],[3101,35032057]]","363","1795711","3101","35032057","0.4574820847494477","0.0004034368821330809","0.9749688455490944","0.0002017591396056526","0.9511602074879092","0.2545101512122403","0.8879776668457651","","","","","","","","","","","","","","","","","","","","","","","","","","","","","","","","","","","","","","","","","","","","","","","","","","","","","","","","","","","","","","","","","","","","","","","","","","","","","","","","","","","","","","","","","","","","","","","","","",""
"rare-sweep-4","40","0.6850533807829181","0.7754541530976576","226","105","72","159","0.8025818003548516","0.487517713668598","0.4756231594352414","0.5882954674687688","rate_match","multitask_unet","","none","val/auc","finished","2025-08-30T21:56:07.000Z","20162","h6o3rbr4","40","2","64","0.5","false","true","0.52","25","0.3","rate_match","0.4","0.2","20","[0.1,0.9]","0.1","1","inverse","[331,232]","threshold","auto","0.5","true","false","true","false","0.18002585793219747","","","40","0","0.5","1","[256,256]","true","0.00009409306121195412","","","","0.65","2","8","","","","","","","","","","","","","","","","","","","","","","","","","","","","","","","","","","","","","","","","","","","","","","","","","","","","","","","","","","","3","max","1","","20","42","0.5","multitask","0.0001","true","2","0.1","0.000010482078688515446","","","","","","","","","","","0.00009409306121195412","0.6695012450218201","0.00009409306121195412","1600","0.5629867246234729","[[226,105],[72,159]]","0.4110320284697509","0.4697508896797153","0.6803309945088469","","","0.6855455722525209","","","[[26,1796048],[142,35035016]]","26","1796048","142","35035016","0.5629867246234729","0.00002894932865393416","0.975006478008542","0.000014474873845907171","0.951231843996637","0.2714277706478052","0.9051631642897324","","","","","","","","","","","","","","","","","","","","","","","","","","","","","","","","","","","","","","","","","","","","","","","","","","","","","","","","","","","","","","","","","","","","","","","","","","","","","","","","","","","","","","","","","","","","","","","","","",""
"dashing-sweep-2","40","0.6832740213523132","0.7484469206523588","221","110","68","163","0.8006063203016917","0.4934386244238425","0.4869436240576245","0.5826915281038232","f1","multitask_unet","","warmcos","val/auc","finished","2025-08-30T17:21:31.000Z","16854","","40","1","32","0.5","false","true","0.55","25","0.1","rate_match","0.6","0.2","20","[0.1,0.9]","0.1","2","inverse","[331,232]","threshold","auto","0.5","true","false","true","false","0.1812421868274183","","","40","0","0.5","1","[256,256]","true","0.00006116829767737546","","","","0.65","2","8","","","","","","","","","","","","","","","","","","","","","","","","","","","","","","","","","","","","","","","","","","","","","","","","","","","","","","","","","","","3","max","1","","20","42","0.5","multitask","0.0001","true","0","0.1","0.00003460418418345422","","","","","","","","","","","0","0.7630162239074707","9.428072392601625e-8","3240","0.45316020507037225","[[221,110],[68,163]]","0.4110320284697509","0.48576512455516013","0.6808877397112691","","","0.6866507108198951","","","[[69,963193],[1205,35866765]]","69","963193","1205","35866765","0.45316020507037225","0.00014307397546592352","0.9867341748722191","0.00007154210563969529","0.9738157060096092","0.26204942031237843","0.903333635895268","","","","","","","","","","","","","","","","","","","","","","","","","","","","","","","","","","","","","","","","","","","","","","","","","","","","","","","","","","","","","","","","","","","","","","","","","","","","","","","","","","","","","","","","","","","","","","","","","",""
"valiant-sweep-1","40","0.6797153024911032","0.7352375720955782","244","87","93","138","0.798242449760437","0.48751401216414186","0.4756223635645826","0.5742172581401446","rate_match","multitask_unet","","cosine","val/auc","finished","2025-08-30T15:12:13.000Z","19268","h6o3rbr4","40","2","32","1","false","true","0.5","0","0.3","rate_match","0.5","0.1","20","[0.1,0.9]","0.12","3","inverse","[331,232]","threshold","auto","0.5","true","false","true","false","0.20051333880228728","","","40","0","0.3","1","[256,256]","true","0.00023751995134509003","","","","0.65","2","8","","","","","","","","","","","","","","","","","","","","","","","","","","","","","","","","","","","","","","","","","","","","","","","","","","","","","","","","","","","3","max","1","","20","42","0.5","multitask","0.0001","true","3","0.2","0.00002083205887265609","","","","","","","","","","","0","0.8827435970306396","3.660973708602981e-7","3240","0.546345621670052","[[244,87],[93,138]]","0.4110320284697509","0.400355871886121","0.6686844708209694","","","0.6672813591242595","","","[[18,1796056],[29,35035129]]","18","1796056","29","35035129","0.546345621670052","0.00002004319308108975","0.9750079811352026","0.000010021696973948598","0.9512347054321912","0.257346178308955","0.8910883379713341","","","","","","","","","","","","","","","","","","","","","","","","","","","","","","","","","","","","","","","","","","","","","","","","","","","","","","","","","","","","","","","","","","","","","","","","","","","","","","","","","","","","","","","","","","","","","","","","","",""
"peach-sweep-8","40","0.6405693950177936","0.7239246151632859","190","141","61","170","0.882556762960222","0.49373135775748594","0.4869700151293837","0.5742989978495159","f1","multitask_unet","","none","val/auc","finished","2025-08-30T11:50:19.000Z","19868","","40","2","64","1","false","true","0.5","0","0.1","keep_last","0.5","0.05","10","[0.1,0.9]","0.15","2","inverse","[331,232]","threshold","auto","0.5","true","false","true","false","0.19636908534017156","","","40","0","0.5","1","[256,256]","true","0.000037745018962866805","","","","0.65","2","8","","","","","","","","","","","","","","","","","","","","","","","","","","","","","","","","","","","","","","","","","","","","","","","","","","","","","","","","","","","3","max","1","","20","42","0.5","multitask","0.0001","true","0","0.2","0.000025845296622045893","","","","","","","","","","","0.000037745018962866805","0.6980551481246948","0.000037745018962866805","1600","0.4469749983431894","[[190,141],[61,170]]","0.4110320284697509","0.5533807829181495","0.6517979528830018","","","0.6549744314094768","","","[[437,962825],[13463,35854507]]","437","962825","13463","35854507","0.4469749983431894","0.0008944269220456792","0.9865682885929262","0.0004474135503852159","0.9734926167083822","0.2539549928064797","0.894643002892552","","","","","","","","","","","","","","","","","","","","","","","","","","","","","","","","","","","","","","","","","","","","","","","","","","","","","","","","","","","","","","","","","","","","","","","","","","","","","","","","","","","","","","","","","","","","","","","","","",""
"splendid-sweep-3","40","0.6708185053380783","0.7619832332823269","235","96","89","142","0.9035438232951694","0.48750538792335263","0.4756176683344907","0.5835726337989936","rate_match","multitask_unet","","warmcos","val/auc","finished","2025-08-29T22:28:16.000Z","19735","9zus39l8","40","2","64","1","false","true","0.5","25","0.1","rate_match","0.5","0.1","5","[0.1,0.9]","0.12","3","inverse","[331,232]","threshold","auto","0.5","true","false","true","false","0.2012954647437824","","","40","0","0.5","1","[256,256]","true","0.00028047406140644705","","","","0.65","2","8","","","","","","","","","","","","","","","","","","","","","","","","","","","","","","","","","","","","","","","","","","","","","","","","","","","","","","","","","","","3","max","1","","20","42","0.5","multitask","0.0001","true","2","0.1","0.000043124771899499914","","","","","","","","","","","0","0.5421395301818848","4.789805590907153e-7","1600","0.6709997336774963","[[235,96],[89,142]]","0.4110320284697509","0.4234875444839858","0.6609736487187468","","","0.6623442016191261","","","[[3,1796071],[53,35035105]]","3","1796071","53","35035105","0.6709997336774963","0.0000033405154415326283","0.9750074353312638","0.0000016702605105318277","0.951233666408471","0.2666963029838514","0.9004489646141358","","","","","","","","","","","","","","","","","","","","","","","","","","","","","","","","","","","","","","","","","","","","","","","","","","","","","","","","","","","","","","","","","","","","","","","","","","","","","","","","","","","","","","","","","","","","","","","","","",""
"dark-sweep-1","40","0.6761565836298933","0.7554831875073568","235","96","86","145","0.9216793245739408","0.4875050740029983","0.4756178521954313","0.5812974137295237","rate_match","multitask_unet","","none","val/auc","finished","2025-08-29T14:29:12.000Z","19432","9zus39l8","40","2","32","0.5","false","true","0.55","25","0.2","keep_last","0.4","0.1","20","[0.1,0.9]","0.08","3","inverse","[331,232]","threshold","auto","0.5","true","false","true","false","0.21966926222109365","","","40","0","0.3","1","[256,256]","true","0.000057324842523371506","","","","0.65","2","8","","","","","","","","","","","","","","","","","","","","","","","","","","","","","","","","","","","","","","","","","","","","","","","","","","","","","","","","","","","6","max","1","","20","42","0.5","multitask","0.0001","true","3","0.2","0.000023525650304674225","","","","","","","","","","","0.000057324842523371506","0.6101924777030945","0.000057324842523371506","3240","0.6216668539401488","[[235,96],[86,145]]","0.4110320284697509","0.4288256227758007","0.6668734892258372","","","0.6688377081126325","","","[[2,1796072],[18,35035140]]","2","1796072","18","35035140","0.6216668539401488","0.000002227054931423411","0.9750079209510653","0.0000011135287056565031","0.9512345908621568","0.2644205632132803","0.8981742642457673","","","","","","","","","","","","","","","","","","","","","","","","","","","","","","","","","","","","","","","","","","","","","","","","","","","","","","","","","","","","","","","","","","","","","","","","","","","","","","","","","","","","","","","","","","","","","","","","","",""
"avid-sweep-1","40","0.697508896797153","0.7653182668288409","223","108","62","169","0.9020221796300676","0.4875077062595888","0.47561895568385465","0.5847414024588271","f1","multitask_unet","","warmcos","val/auc","finished","2025-08-28T12:31:18.000Z","19948","95k7nquv","40","1","32","1","false","true","0.55","25","0.1","keep_last","0.6","0.05","5","[0.1,0.9]","0.1","2","inverse","[331,232]","threshold","auto","0.5","true","false","true","false","0.22712056026217128","","","40","0","0.3","1","[256,256]","true","0.00011352724325800175","","","","0.65","2","8","","","","","","","","","","","","","","","","","","","","","","","","","","","","","","","","","","","","","","","","","","","","","","","","","","","","","","","","","","","6","max","1","","20","42","0.5","multitask","0.0001","true","3","0.1","0.000014845564207822892","","","","","","","","","","","0","0.7036452889442444","2.0449159728616505e-7","3240","0.5563102062274465","[[223,108],[62,169]]","0.4110320284697509","0.4928825622775801","0.6962822217999873","0.7824561403508772","0.6101083032490975","0.7026588718431619","0.6737160120845922","0.7316017316017316","[[7,1796067],[44,35035114]]","7","1796067","44","35035114","0.5563102062274465","","","","","","","","","","","","","","","","","","","","","","","","","","","","","","","","","","","","","","","","","","","","","","","","","","","","","","","","","","","","","","","","","","","","","","","","","","","","","","","","","","","","","","","","","","","","","","","","","","","","","","","",""