"Name","trainer/epoch","val/acc","val/auc","val/cls_confmat_00","val/cls_confmat_01","val/cls_confmat_10","val/cls_confmat_11","val/loss","calibration_method","architecture","lr_scheduler","lr_strategy","State","Created","Runtime","Sweep","T_max","alpha","base_lr","batch_size","beta","binary_bce_from_two_logits","binary_single_logit","cal_auc_floor","cal_bootstraps","cal_ema_beta","cal_fallback","cal_init_threshold","cal_max_delta","cal_min_tp","cal_q_bounds","cal_rate_tolerance","cal_warmup_epochs","class_balance","class_counts","cls_decision","cls_loss","cls_threshold","console_epoch_log","console_iter_log","debug","debug_transforms","dropout_rate","early_terminate.min_iter","early_terminate.type","epochs","eta_min","factor","head_multiplier","hidden_size","in_channels","input_shape","log_calibrated","lr","method","metric.goal","metric.name","mlp_dim","multi_weight","num_classes","num_heads","num_layers","num_workers","optimizer","param_groups","parameters.T_max","parameters.alphas","parameters.architecture","parameters.base_lr.distribution","parameters.base_lr.max","parameters.base_lr.min","parameters.batch_sizes","parameters.betas","parameters.binary_bce_from_two_logits","parameters.binary_single_logit","parameters.cal_auc_floors","parameters.cal_bootstrapss","parameters.cal_ema_betas","parameters.cal_fallbacks","parameters.cal_init_thresholds","parameters.cal_max_deltas","parameters.cal_min_tps","parameters.cal_q_bounds","parameters.cal_rate_tolerances","parameters.cal_warmup_epochss","parameters.calibration_methods","parameters.class_balance","parameters.class_counts","parameters.cls_decision","parameters.cls_loss","parameters.cls_threshold","parameters.console_epoch_log","parameters.console_iter_log","parameters.debug","parameters.debug_transforms","parameters.dropout_rate.distribution","parameters.dropout_rate.max","parameters.dropout_rate.min","parameters.epochs","parameters.eta_min","parameters.factors","parameters.head_multipliers","parameters.hidden_sizes","parameters.in_channels","parameters.input_shape","parameters.log_calibrated","parameters.lr.distribution","parameters.lr.max","parameters.lr.min","parameters.lr_schedulers","parameters.mlp_dims","parameters.multi_weight","parameters.num_classes","parameters.num_headss","parameters.num_layerss","parameters.num_workers","parameters.optimizer","parameters.param_groupss","parameters.patch_size","parameters.patiences","parameters.plateau_metric","parameters.plateau_mode","parameters.positive_index","parameters.run_cap","parameters.seed","parameters.task","parameters.threshold","parameters.two_pass_val","parameters.warmup_epochss","parameters.warmup_start_factors","parameters.weight_decay.distribution","parameters.weight_decay.max","parameters.weight_decay.min","patch_size","patience","plateau_metric","plateau_mode","positive_index","program","run_cap","seed","task","threshold","two_pass_val","warmup_epochs","warmup_start_factor","weight_decay","parameters.cls_thresholds","parameters.param_groups","parameters.patience","parameters.plateau_thresholds","plateau_threshold","head_keys","head_lr_scale","head_wd_scale","parameters.head_keys","parameters.head_lr_scale","parameters.head_wd_scale","parameters.lr_strategys","debug_score_bins","debug_score_hist","parameters.debug_score_bins","parameters.debug_score_hist","opt/lr","train/loss","train/lr","trainer/iteration","val/cal_thr","val/cls_confmat","val/gt_pos_rate","val/pos_rate","val/prec","val/prec_0","val/prec_1","val/recall","val/recall_0","val/recall_1","val/threshold","val/bal_acc","val/debug_pos_hist","val/debug_pos_max","val/debug_pos_median","val/debug_pos_min","val/debug_pos_q10","val/debug_pos_q90","val/debug_pos_rate@0.5","val/f1","val/search_threshold","val/score_mean","val/score_std","enable_decision_health","freeze_backbone_epochs","freeze_backbone_warmup","head_logits","health_iters_warmup","health_rate_gain","health_warmup","health_warmup_max_delta","init_head_bias_from_prior","init_threshold_from_prior","parameters.enable_decision_health","parameters.freeze_backbone_epochs","parameters.freeze_backbone_warmups","parameters.head_keyss","parameters.head_logits","parameters.head_lr_scales","parameters.health_iters_warmup","parameters.health_rate_gain","parameters.health_warmup","parameters.health_warmup_max_delta","parameters.init_head_bias_from_prior","parameters.init_threshold_from_prior","parameters.posprob_mode","parameters.rate_tol_override","parameters.thr_hysteresiss","parameters.thr_max","parameters.thr_min","parameters.thr_min_tns","parameters.thr_min_tps","parameters.thr_posrate_max","parameters.thr_posrate_min","parameters.thr_warmup_epochs","parameters.thr_warmup_epochss","posprob_mode","rate_tol_override","thr_hysteresis","thr_max","thr_min","thr_min_tn","thr_min_tp","thr_posrate_max","thr_posrate_min","thr_warmup_epochs","image_size","parameters.image_size","parameters.spatial_dims","parameters.tasks","spatial_dims","tasks","val/max","val/mean","val/median","val/min","val/posprob_stats.max","val/posprob_stats.mean","val/posprob_stats.median","val/posprob_stats.min","val/posprob_stats/max","val/posprob_stats/mean","val/posprob_stats/median","val/posprob_stats/min","val/precision_macro","val/precision_pos","val/recall_macro","val/recall_pos","val/search_auc","val/search_confmat","val/search_confmat_00","val/search_confmat_01","val/search_confmat_10","val/search_confmat_11","val/search_pos_rate"
"rosy-sweep-23","40","0.6518650088809946","0.735571413688926","297","34","162","70","0.6355771786636777","f1","vit","cosine","","finished","2025-09-18T21:37:10.000Z","14502","pmrqwklq","40","","","64","","","","0.5","","0.2","","","0.2","","","","","","","threshold","bce","0.6","","","","","0.216197756381666","","","40","0","0.5","","768","1","[256,256]","","0.00003574913187994826","","","","2048","","2","12","12","8","adamw","split","","","","","","","","","","","","","","","","","","","","","","","","","","","","","","","","","","","","","","","","","","","","","","","","","","","","","","","","","","","","","","","","","","","","","16","10","val/auc","max","","","","","classification","","true","0","0.1","0.00001070880628195231","","","","","0.0001","mlp_head","1.5","1.5","","","","","","","","","0","0.6309199333190918","5.5101321458138076e-8","1640","","[[297,34],[162,70]]","0.41207815275310833","","","","","","","","","0.5995025634765625","","","","","","","","","0.6","0.3562828004360199","0.25479915738105774","","2","false","1","","","","","true","","","","","","","","","","","","","","","","","","","","","","","","","","0.1","0.01","0.95","0.05","5","10","0.95","0.05","5","","","","","","","","","","","","","","","","","","","0.6600678733031675","0.6730769230769231","0.599502552349203","0.3017241379310345","0.735571413688926","[[297,34],[162,70]]","297","34","162","70","0.1847246891651865"
"fancy-sweep-22","40","0.6767317939609236","0.7343473278466507","230","101","81","151","0.6321566436025832","f1","vit","cosine","","finished","2025-09-18T17:35:29.000Z","14478","pmrqwklq","40","","","64","","","","0.5","","0.1","","","0.2","","","","","","","threshold","bce","0.6","","","","","0.22664731826846865","","","40","0","0.3","","384","1","[256,256]","","0.0001210157560671637","","","","1536","","2","12","10","8","adamw","split","","","","","","","","","","","","","","","","","","","","","","","","","","","","","","","","","","","","","","","","","","","","","","","","","","","","","","","","","","","","","","","","","","","","","16","10","val/auc","max","","","","","classification","","true","0","0.1","0.000011074662923765532","","","","","0.0001","classifier","1.5","1.5","","","","","","","","","0","0.5768308043479919","1.8652559449413024e-7","1640","","[[230,101],[81,151]]","0.41207815275310833","","","","","","","","","0.6728630661964417","","","","","","","","","0.6","0.47130826115608215","0.26199203729629517","","2","false","1","","","","","true","","","","","","","","","","","","","","","","","","","","","","","","","","0.1","0.02","0.95","0.05","5","10","0.95","0.05","5","","","","","","","","","","","","","","","","","","","0.6693780942173225","0.5992063492063492","0.6728630586519428","0.6508620689655172","0.7343473278466507","[[230,101],[81,151]]","230","101","81","151","0.44760213143872113"
"graceful-sweep-21","40","0.6198934280639432","0.6673351390769872","256","75","139","93","0.6507916384273105","bal_acc","vit","warmcos","","finished","2025-09-18T13:51:11.000Z","13432","pmrqwklq","40","","","32","","","","0.5","","0.1","","","0.05","","","","","","","threshold","bce","0.6","","","","","0.20824398001741565","","","40","0","0.3","","768","1","[256,256]","","0.00029607884262809915","","","","1536","","2","8","8","8","adamw","auto","","","","","","","","","","","","","","","","","","","","","","","","","","","","","","","","","","","","","","","","","","","","","","","","","","","","","","","","","","","","","","","","","","","","","16","10","val/auc","max","","","","","classification","","true","0","0.2","0.000012048693405063737","","","","","0.0005","mlp_head","1.5","1.5","","","","","","","","","0","0.6367116570472717","4.563561302520778e-7","3280","","[[256,75],[139,93]]","0.41207815275310833","","","","","","","","","0.5871379971504211","","","","","","","","","0.6","0.4252744913101196","0.22292467951774597","","2","false","1","","","","","true","","","","","","","","","","","","","","","","","","","","","","","","","","0.1","0.01","0.95","0.05","5","10","0.95","0.05","5","","","","","","","","","","","","","","","","","","","0.6008363471971068","0.5535714285714286","0.587137983123242","0.4008620689655173","0.6673351390769872","[[256,75],[139,93]]","256","75","139","93","0.2984014209591474"
"dainty-sweep-20","40","0.6412078152753108","0.6926893426398585","244","87","115","117","0.6317618091901144","f1","vit","warmcos","","finished","2025-09-18T09:46:45.000Z","14640","pmrqwklq","40","","","64","","","","0.55","","0.3","","","0.1","","","","","","","threshold","bce","0.6","","","","","0.1863923489172675","","","40","0","0.3","","384","1","[256,256]","","0.000030456533303602032","","","","1536","","2","8","10","8","adamw","auto","","","","","","","","","","","","","","","","","","","","","","","","","","","","","","","","","","","","","","","","","","","","","","","","","","","","","","","","","","","","","","","","","","","","","16","10","val/auc","max","","","","","classification","","true","0","0.1","0.000010432873232902513","","","","","0.0001","mlp_head","1.5","1.5","","","","","","","","","0","0.6162139177322388","4.694366391043937e-8","1640","","[[244,87],[115,117]]","0.41207815275310833","","","","","","","","","0.6207352876663208","","","","","","","","","0.591","0.44814392924308777","0.2340552508831024","","2","false","1","","","","","true","","","","","","","","","","","","","","","","","","","","","","","","","","0.1","0.01","0.95","0.05","5","0","0.95","0.05","5","","","","","","","","","","","","","","","","","","","0.6265975749631328","0.5735294117647058","0.6207352328367538","0.5043103448275862","0.6926893426398584","[[244,87],[115,117]]","244","87","115","117","0.3623445825932504"
"hearty-sweep-19","40","0.6714031971580817","0.7246978851963746","252","79","106","126","0.6342326270209419","bal_acc","vit","cosine","","finished","2025-09-18T05:45:38.000Z","14443","pmrqwklq","40","","","64","","","","0.5","","0.2","","","0.1","","","","","","","threshold","bce","0.6","","","","","0.2046107735821735","","","40","0","0.3","","768","1","[256,256]","","0.00004597923586416277","","","","1536","","2","12","12","8","adamw","auto","","","","","","","","","","","","","","","","","","","","","","","","","","","","","","","","","","","","","","","","","","","","","","","","","","","","","","","","","","","","","","","","","","","","","16","10","val/auc","max","","","","","classification","","true","2","0.2","0.000011637533538962572","","","","","0.0005","mlp_head","1.5","1.5","","","","","","","","","0","0.5125992894172668","7.08693196875037e-8","1640","","[[252,79],[106,126]]","0.41207815275310833","","","","","","","","","0.652216374874115","","","","","","","","","0.6","0.44918644428253174","0.28360822796821594","","2","false","1","","","","","true","","","","","","","","","","","","","","","","","","","","","","","","","","0.1","0.03","0.95","0.05","5","5","0.95","0.05","5","","","","","","","","","","","","","","","","","","","0.6592723804333016","0.6146341463414634","0.6522163767059068","0.5431034482758621","0.7246978851963746","[[252,79],[106,126]]","252","79","106","126","0.3641207815275311"
"visionary-sweep-18","40","0.6341030195381883","0.7105036983019064","200","131","75","157","0.6307094030910068","f1","vit","warmcos","","finished","2025-09-18T01:46:59.000Z","14292","pmrqwklq","40","","","64","","","","0.5","","0.2","","","0.05","","","","","","","threshold","bce","0.6","","","","","0.1824473836329242","","","40","0","0.3","","384","1","[256,256]","","0.000036705593754555954","","","","3072","","2","12","12","8","adamw","auto","","","","","","","","","","","","","","","","","","","","","","","","","","","","","","","","","","","","","","","","","","","","","","","","","","","","","","","","","","","","","","","","","","","","","16","10","val/auc","max","","","","","classification","","true","0","0.2","0.00002547504356530279","","","","","0.0001","mlp_head","1","1.5","","","","","","","","","0","0.6211367845535278","5.657554783633926e-8","1640","","[[200,131],[75,157]]","0.41207815275310833","","","","","","","","","0.6404768824577332","","","","","","","","","0.6","0.4984545111656189","0.19195793569087985","","2","false","1","","","","","true","","","","","","","","","","","","","","","","","","","","","","","","","","0.1","0.03","0.95","0.05","5","5","0.95","0.05","5","","","","","","","","","","","","","","","","","","","0.6362058080808081","0.5451388888888888","0.6404768725908949","0.6767241379310345","0.7105036983019064","[[200,131],[75,157]]","200","131","75","157","0.5115452930728241"
"expert-sweep-17","40","0.6838365896980462","0.7664730701114699","205","126","52","180","0.5810919834507836","bal_acc","vit","cosine","","finished","2025-09-17T21:49:41.000Z","14215","pmrqwklq","40","","","64","","","","0.5","","0.1","","","0.1","","","","","","","threshold","bce","0.5","","","","","0.21953028309510456","","","40","0","0.3","","384","1","[256,256]","","0.00017181482843215676","","","","2048","","2","12","10","8","adamw","auto","","","","","","","","","","","","","","","","","","","","","","","","","","","","","","","","","","","","","","","","","","","","","","","","","","","","","","","","","","","","","","","","","","","","","16","10","val/auc","max","","","","","classification","","true","0","0.2","0.00001261182489606675","","","","","0.0005","fc","1.5","1.5","","","","","","","","","0","0.5060263276100159","2.64823887878108e-7","1640","","[[205,126],[52,180]]","0.41207815275310833","","","","","","","","","0.6975986957550049","","","","","","","","","0.5","0.4697049856185913","0.2756631672382355","","2","false","1","","","","","true","","","","","","","","","","","","","","","","","","","","","","","","","","0.1","0.03","0.95","0.05","5","5","0.95","0.05","5","","","","","","","","","","","","","","","","","","","0.6929503318837262","0.5882352941176471","0.6975987081987707","0.7758620689655172","0.7664730701114699","[[205,126],[52,180]]","205","126","52","180","0.5435168738898757"
"fiery-sweep-16","40","0.6447602131438721","0.690931347015314","186","145","55","177","0.6385111345185174","bal_acc","vit","cosine","","finished","2025-09-17T17:46:11.000Z","14577","pmrqwklq","40","","","64","","","","0.5","","0.2","","","0.1","","","","","","","threshold","bce","0.6","","","","","0.21505742830733465","","","40","0","0.3","","768","1","[256,256]","","0.0003619346809016146","","","","3072","","2","6","8","8","adamw","split","","","","","","","","","","","","","","","","","","","","","","","","","","","","","","","","","","","","","","","","","","","","","","","","","","","","","","","","","","","","","","","","","","","","","16","10","val/auc","max","","","","","classification","","true","0","0.2","0.000010910736701727597","","","","","0.0001","cls","1","1.5","","","","","","","","","0","0.6395612955093384","5.578619158132511e-7","1640","","[[186,145],[55,177]]","0.41207815275310833","","","","","","","","","0.6624323129653931","","","","","","","","","0.5","0.5013681650161743","0.21290236711502075","","2","false","1","","","","","true","","","","","","","","","","","","","","","","","","","","","","","","","","0.1","0.01","0.95","0.05","5","10","0.95","0.05","5","","","","","","","","","","","","","","","","","","","0.660736836679467","0.5496894409937888","0.6624322846129805","0.7629310344827587","0.690931347015314","[[186,145],[55,177]]","186","145","55","177","0.5719360568383659"
"lilac-sweep-15","40","0.6642984014209592","0.7369778101885613","235","96","93","139","0.6409102181593577","f1","vit","cosine","","finished","2025-09-17T13:43:11.000Z","14554","pmrqwklq","40","","","64","","","","0.5","","0.1","","","0.1","","","","","","","threshold","bce","0.6","","","","","0.20927543195267467","","","40","0","0.3","","768","1","[256,256]","","0.0000901461544299234","","","","2048","","2","12","8","8","adamw","split","","","","","","","","","","","","","","","","","","","","","","","","","","","","","","","","","","","","","","","","","","","","","","","","","","","","","","","","","","","","","","","","","","","","","16","10","val/auc","max","","","","","classification","","true","0","0.2","0.00001929392770568197","","","","","0.0005","mlp_head","1.5","1.5","","","","","","","","","0","0.5400835275650024","1.38945254674681e-7","1640","","[[235,96],[93,139]]","0.41207815275310833","","","","","","","","","0.6545538306236267","","","","","","","","","0.6","0.5071107745170593","0.2754497230052948","","2","false","1","","","","","true","","","","","","","","","","","","","","","","","","","","","","","","","","0.1","0.03","0.95","0.05","5","5","0.95","0.05","5","","","","","","","","","","","","","","","","","","","0.653976388168137","0.5914893617021276","0.6545538597770602","0.5991379310344828","0.7369778101885613","[[235,96],[93,139]]","235","96","93","139","0.41740674955595025"
"mild-sweep-14","40","0.6909413854351687","0.7563678508177935","236","95","79","153","0.6327516055769391","f1","vit","warmcos","","finished","2025-09-17T10:04:43.000Z","13086","pmrqwklq","40","","","32","","","","0.5","","0.3","","","0.1","","","","","","","threshold","bce","0.6","","","","","0.2218537991998267","","","40","0","0.3","","384","1","[256,256]","","0.00014388926666047193","","","","2048","","2","12","8","8","adamw","auto","","","","","","","","","","","","","","","","","","","","","","","","","","","","","","","","","","","","","","","","","","","","","","","","","","","","","","","","","","","","","","","","","","","","","16","10","val/auc","max","","","","","classification","","true","0","0.2","0.000010600126390011076","","","","","0.0001","mlp_head","1.5","1.5","","","","","","","","","0","0.5264917612075806","2.2178129424959597e-7","3280","","[[236,95],[79,153]]","0.41207815275310833","","","","","","","","","0.6862368583679199","","","","","","","","","0.6","0.46824002265930176","0.3235524892807007","","2","false","1","","","","","true","","","","","","","","","","","","","","","","","","","","","","","","","","0.1","0.01","0.95","0.05","5","10","0.95","0.05","5","","","","","","","","","","","","","","","","","","","0.6830709165386585","0.6169354838709677","0.6862368475882904","0.6594827586206896","0.7563678508177935","[[236,95],[79,153]]","236","95","79","153","0.4404973357015986"
"stellar-sweep-13","40","0.6092362344582594","0.631380873007605","223","108","112","120","0.6804117626614041","bal_acc","vit","plateau","","finished","2025-09-17T06:25:39.000Z","13116","pmrqwklq","40","","","32","","","","0.55","","0.1","","","0.2","","","","","","","threshold","bce","0.5","","","","","0.227751782825344","","","40","0","0.5","","768","1","[256,256]","","0.0001503702494885399","","","","3072","","2","6","8","8","adamw","auto","","","","","","","","","","","","","","","","","","","","","","","","","","","","","","","","","","","","","","","","","","","","","","","","","","","","","","","","","","","","","","","","","","","","","16","10","val/auc","max","","","","","classification","","true","2","0.2","0.000010543609917033268","","","","","0.0001","mlp_head","1.5","1.5","","","","","","","","","0.00003759256237213497","0.637041449546814","0.00003759256237213497","3280","","[[223,108],[112,120]]","0.41207815275310833","","","","","","","","","0.5954786539077759","","","","","","","","","0.5","0.4957119822502136","0.1204230934381485","","2","true","1","","","","","true","","","","","","","","","","","","","","","","","","","","","","","","","","0.1","0.03","0.95","0.05","0","5","0.95","0.05","5","","","","","","","","","","","","","","","","","","","0.5959937156323645","0.5263157894736842","0.5954786956974685","0.5172413793103449","0.631380873007605","[[223,108],[112,120]]","223","108","112","120","0.4049733570159858"
"laced-sweep-12","40","0.5879218472468917","0.6141915824565058","243","88","144","88","0.6696839001443651","bal_acc","vit","plateau","","finished","2025-09-17T02:23:58.000Z","14476","pmrqwklq","40","","","64","","","","0.55","","0.3","","","0.1","","","","","","","threshold","bce","0.5","","","","","0.2333113635925399","","","40","0","0.5","","384","1","[256,256]","","0.00035117630233933545","","","","3072","","2","6","10","8","adamw","auto","","","","","","","","","","","","","","","","","","","","","","","","","","","","","","","","","","","","","","","","","","","","","","","","","","","","","","","","","","","","","","","","","","","","","16","10","val/auc","max","","","","","classification","","true","3","0.1","0.000010823837390015452","","","","","0.0001","mlp_head","1.5","1.5","","","","","","","","","0.00017558815116966773","0.675521969795227","0.00017558815116966773","1640","","[[243,88],[144,88]]","0.41207815275310833","","","","","","","","","0.5567246675491333","","","","","","","","","0.5","0.4156658351421356","0.15109604597091675","","2","false","1","","","","","true","","","","","","","","","","","","","","","","","","","","","","","","","","0.1","0.02","0.95","0.05","0","10","0.95","0.05","5","","","","","","","","","","","","","","","","","","","0.563953488372093","0.5","0.556724658818627","0.3793103448275862","0.6141915824565058","[[243,88],[144,88]]","243","88","144","88","0.31261101243339257"
"stilted-sweep-11","40","0.5381882770870338","0.6288545681841857","94","237","23","209","0.6808549563090006","bal_acc","vit","plateau","","finished","2025-09-16T22:27:59.000Z","14135","pmrqwklq","40","","","64","","","","0.55","","0.2","","","0.2","","","","","","","threshold","bce","0.4","","","","","0.2043673941380093","","","40","0","0.5","","768","1","[256,256]","","0.00021659639198429444","","","","3072","","2","8","8","8","adamw","auto","","","","","","","","","","","","","","","","","","","","","","","","","","","","","","","","","","","","","","","","","","","","","","","","","","","","","","","","","","","","","","","","","","","","","16","10","val/auc","max","","","","","classification","","true","0","0.1","0.000021709363130152983","","","","","0.0005","classifier","1.5","1.5","","","","","","","","","0.00010829819599214722","0.6727296113967896","0.00010829819599214722","1640","","[[94,237],[23,209]]","0.41207815275310833","","","","","","","","","0.5924249887466431","","","","","","","","","0.4","0.501334547996521","0.11756862699985504","","2","true","1","","","","","true","","","","","","","","","","","","","","","","","","","","","","","","","","0.1","0.01","0.95","0.05","0","0","0.95","0.05","5","","","","","","","","","","","","","","","","","","","0.6360143344448277","0.468609865470852","0.5924249921866861","0.9008620689655172","0.6288545681841857","[[94,237],[23,209]]","94","237","23","209","0.7921847246891652"
"denim-sweep-10","40","0.5754884547069272","0.6336206896551725","214","117","122","110","0.6765464676751031","f1","vit","warmcos","","finished","2025-09-16T18:20:55.000Z","14801","pmrqwklq","40","","","64","","","","0.55","","0.1","","","0.1","","","","","","","threshold","bce","0.5","","","","","0.23353836393488872","","","40","0","0.5","","384","1","[256,256]","","0.0003605021758091967","","","","2048","","2","8","12","8","adamw","auto","","","","","","","","","","","","","","","","","","","","","","","","","","","","","","","","","","","","","","","","","","","","","","","","","","","","","","","","","","","","","","","","","","","","","16","10","val/auc","max","","","","","classification","","true","2","0.1","0.00003678345856748322","","","","","0.0001","classifier","1.5","1.5","","","","","","","","","0","0.678849995136261","6.156488512935238e-7","1640","","[[214,117],[122,110]]","0.41207815275310833","","","","","","","","","0.5603318214416504","","","","","","","","","0.5","0.4909221827983856","0.11169679462909698","","2","true","1","","","","","true","","","","","","","","","","","","","","","","","","","","","","","","","","0.1","0.01","0.95","0.05","0","5","0.95","0.05","5","","","","","","","","","","","","","","","","","","","0.5607431298510593","0.4845814977973568","0.5603318053963955","0.4741379310344827","0.6336206896551724","[[214,117],[122,110]]","214","117","122","110","0.40319715808170514"
"solar-sweep-9","40","0.6429840142095915","0.6977679966663193","211","120","81","151","0.6236285236146715","bal_acc","vit","cosine","","finished","2025-09-16T14:33:02.000Z","13623","pmrqwklq","40","","","32","","","","0.5","","0.3","","","0.05","","","","","","","threshold","bce","0.5","","","","","0.1809540194165265","","","40","0","0.3","","384","1","[256,256]","","0.0007351426572318187","","","","2048","","2","12","8","8","adamw","auto","","","","","","","","","","","","","","","","","","","","","","","","","","","","","","","","","","","","","","","","","","","","","","","","","","","","","","","","","","","","","","","","","","","","","16","10","val/auc","max","","","","","classification","","true","0","0.2","0.00003829356948661243","","","","","0.0005","classification_head","1","1.5","","","","","","","","","0","0.626673698425293","0.0000011330997353935997","3280","","[[211,120],[81,151]]","0.41207815275310833","","","","","","","","","0.6441621780395508","","","","","","","","","0.5","0.4490046799182892","0.19996847212314608","","2","false","1","","","","","true","","","","","","","","","","","","","","","","","","","","","","","","","","0.1","0.01","0.95","0.05","5","10","0.95","0.05","5","","","","","","","","","","","","","","","","","","","0.6398991558408735","0.5571955719557196","0.644162152307532","0.6508620689655172","0.6977679966663195","[[211,120],[81,151]]","211","120","81","151","0.48134991119005327"
"honest-sweep-8","40","0.5950266429840142","0.6380221898114387","241","90","138","94","0.6689062482780881","f1","vit","cosine","","finished","2025-09-16T10:47:25.000Z","13514","pmrqwklq","40","","","32","","","","0.55","","0.1","","","0.2","","","","","","","threshold","bce","0.5","","","","","0.20593868797116377","","","40","0","0.3","","768","1","[256,256]","","0.00023908527618836544","","","","2048","","2","8","10","8","adamw","split","","","","","","","","","","","","","","","","","","","","","","","","","","","","","","","","","","","","","","","","","","","","","","","","","","","","","","","","","","","","","","","","","","","","","16","10","val/auc","max","","","","","classification","","true","0","0.1","0.000029716669271398485","","","","","0.0001","classifier","1","1.5","","","","","","","","","0","0.6996681690216064","3.685100579058293e-7","3280","","[[241,90],[138,94]]","0.41207815275310833","","","","","","","","","0.5666345357894897","","","","","","","","","0.5","0.46334660053253174","0.11483175307512283","","2","true","1","","","","","true","","","","","","","","","","","","","","","","","","","","","","","","","","0.1","0.02","0.95","0.05","0","5","0.95","0.05","5","","","","","","","","","","","","","","","","","","","0.573376735115292","0.5108695652173914","0.5666345452651318","0.4051724137931034","0.6380221898114387","[[241,90],[138,94]]","241","90","138","94","0.3268206039076377"
"giddy-sweep-7","40","0.6642984014209592","0.7362485675591208","234","97","92","140","0.6102940754757987","f1","vit","cosine","","finished","2025-09-16T07:01:13.000Z","13545","pmrqwklq","40","","","32","","","","0.5","","0.2","","","0.1","","","","","","","threshold","bce","0.5","","","","","0.20218185333457345","","","40","0","0.3","","384","1","[256,256]","","0.00035212623404602266","","","","2048","","2","12","8","8","adamw","split","","","","","","","","","","","","","","","","","","","","","","","","","","","","","","","","","","","","","","","","","","","","","","","","","","","","","","","","","","","","","","","","","","","","","16","10","val/auc","max","","","","","classification","","true","0","0.1","0.000011223538607568657","","","","","0.0001","cls","1.5","1.5","","","","","","","","","0","0.5403653979301453","5.427438316871804e-7","3280","","[[234,97],[92,140]]","0.41207815275310833","","","","","","","","","0.6551984548568726","","","","","","","","","0.5","0.4373576641082764","0.27332037687301636","","2","false","1","","","","","true","","","","","","","","","","","","","","","","","","","","","","","","","","0.1","0.03","0.95","0.05","5","5","0.95","0.05","5","","","","","","","","","","","","","","","","","","","0.6542543553105019","0.5907172995780591","0.6551984581727264","0.603448275862069","0.7362485675591208","[[234,97],[92,140]]","234","97","92","140","0.4209591474245116"
"divine-sweep-6","40","0.5968028419182948","0.6220179185331806","283","48","179","53","0.6748292379909091","f1","vit","warmcos","","finished","2025-09-16T03:04:04.000Z","14207","pmrqwklq","40","","","64","","","","0.55","","0.3","","","0.1","","","","","","","threshold","bce","0.6","","","","","0.19725536206788216","","","40","0","0.3","","768","1","[256,256]","","0.0001254647344349512","","","","3072","","2","12","8","8","adamw","auto","","","","","","","","","","","","","","","","","","","","","","","","","","","","","","","","","","","","","","","","","","","","","","","","","","","","","","","","","","","","","","","","","","","","","16","10","val/auc","max","","","","","classification","","true","2","0.2","0.000028355466058705177","","","","","0.0001","mlp_head","1.5","1.5","","","","","","","","","0","0.7026147842407227","2.1426283893944317e-7","1640","","[[283,48],[179,53]]","0.41207815275310833","","","","","","","","","0.5417165756225586","","","","","","","","","0.6","0.4753492772579193","0.11353879421949388","","2","true","1","","","","","true","","","","","","","","","","","","","","","","","","","","","","","","","","0.1","0.02","0.95","0.05","0","5","0.95","0.05","5","","","","","","","","","","","","","","","","","","","0.5686532939008186","0.5247524752475248","0.5417165850609439","0.22844827586206895","0.6220179185331806","[[283,48],[179,53]]","283","48","179","53","0.17939609236234458"
"deft-sweep-5","40","0.5808170515097691","0.6093733722262735","250","81","155","77","0.6808183193206787","f1","vit","warmcos","","finished","2025-09-15T23:19:25.000Z","13457","pmrqwklq","40","","","32","","","","0.55","","0.3","","","0.1","","","","","","","threshold","bce","0.5","","","","","0.22727266056433224","","","40","0","0.5","","384","1","[256,256]","","0.0000460825998633228","","","","2048","","2","12","12","8","adamw","auto","","","","","","","","","","","","","","","","","","","","","","","","","","","","","","","","","","","","","","","","","","","","","","","","","","","","","","","","","","","","","","","","","","","","","16","10","val/auc","max","","","","","classification","","true","2","0.2","0.000020561105894919253","","","","","0.0001","cls","1.5","1.5","","","","","","","","","0","0.6837273240089417","7.86977210520071e-8","3280","","[[250,81],[155,77]]","0.41207815275310833","","","","","","","","","0.5435917377471924","","","","","","","","","0.5","0.4636008143424988","0.1052941381931305","","2","true","1","","","","","true","","","","","","","","","","","","","","","","","","","","","","","","","","0.1","0.01","0.95","0.05","5","10","0.95","0.05","5","","","","","","","","","","","","","","","","","","","0.5523128613845913","0.4873417721518987","0.5435917803937911","0.33189655172413796","0.6093733722262735","[[250,81],[155,77]]","250","81","155","77","0.28063943161634103"
"dulcet-sweep-4","40","0.6749555950266429","0.7441009480154184","223","108","75","157","0.6700018776787652","f1","vit","plateau","","finished","2025-09-15T19:11:43.000Z","14837","pmrqwklq","40","","","64","","","","0.55","","0.2","","","0.1","","","","","","","threshold","bce","0.6","","","","","0.20547811864564677","","","40","0","0.3","","768","1","[256,256]","","0.00013025629508648772","","","","3072","","2","12","12","8","adamw","auto","","","","","","","","","","","","","","","","","","","","","","","","","","","","","","","","","","","","","","","","","","","","","","","","","","","","","","","","","","","","","","","","","","","","","16","10","val/auc","max","","","","","classification","","true","0","0.2","0.00001750192159256975","","","","","0.0001","classifier","1.5","1.5","","","","","","","","","0.00013025629508648772","0.4397603273391723","0.00013025629508648772","1640","","[[223,108],[75,157]]","0.41207815275310833","","","","","","","","","0.6752200722694397","","","","","","","","","0.6","0.49502047896385193","0.3328782320022583","","2","false","1","","","","","true","","","","","","","","","","","","","","","","","","","","","","","","","","0.1","0.01","0.95","0.05","5","5","0.95","0.05","5","","","","","","","","","","","","","","","","","","","0.6703874889198429","0.5924528301886792","0.6752200750078133","0.6767241379310345","0.7441009480154184","[[223,108],[75,157]]","223","108","75","157","0.4706927175843694"
"swept-sweep-3","40","0.5790408525754884","0.6185149494739034","214","117","120","112","0.6609493162896898","f1","vit","warmcos","","finished","2025-09-15T14:39:19.000Z","16323","pmrqwklq","40","","","32","","","","0.55","","0.3","","","0.2","","","","","","","threshold","bce","0.4","","","","","0.18591461831891623","","","40","0","0.3","","384","1","[256,256]","","0.0006103280858808834","","","","1536","","2","6","10","8","adamw","split","","","","","","","","","","","","","","","","","","","","","","","","","","","","","","","","","","","","","","","","","","","","","","","","","","","","","","","","","","","","","","","","","","","","","16","10","val/auc","max","","","","","classification","","true","0","0.2","0.00003957118853208551","","","","","0.0005","fc","1","1.5","","","","","","","","","0","0.6364249587059021","9.407189010347892e-7","3280","","[[214,117],[120,112]]","0.41207815275310833","","","","","","","","","0.5646421313285828","","","","","","","","","0.5","0.4455810487270355","0.13993443548679352","","2","false","1","","","","","true","","","","","","","","","","","","","","","","","","","","","","","","","","0.1","0.03","0.95","0.05","5","0","0.95","0.05","5","","","","","","","","","","","","","","","","","","","0.564900766153283","0.4890829694323144","0.5646421502239817","0.4827586206896552","0.6185149494739035","[[214,117],[120,112]]","214","117","120","112","0.4067495559502664"
"light-sweep-2","40","0.6536412078152753","0.7127956037087196","213","118","77","155","0.6230170991685655","bal_acc","vit","warmcos","","finished","2025-09-15T08:49:52.000Z","20932","pmrqwklq","40","","","32","","","","0.5","","0.2","","","0.05","","","","","","","threshold","bce","0.6","","","","","0.23288495673144333","","","40","0","0.3","","384","1","[256,256]","","0.00003100250559551599","","","","3072","","2","12","10","8","adamw","auto","","","","","","","","","","","","","","","","","","","","","","","","","","","","","","","","","","","","","","","","","","","","","","","","","","","","","","","","","","","","","","","","","","","","","16","10","val/auc","max","","","","","classification","","true","0","0.2","0.00001815435728196317","","","","","0.0001","classifier","1.5","1.5","","","","","","","","","0","0.6277514696121216","4.778518909390435e-8","3280","","[[213,118],[77,155]]","0.41207815275310833","","","","","","","","","0.6558040380477905","","","","","","","","","0.6","0.4822574257850647","0.19995364546775815","","2","false","1","","","","","true","","","","","","","","","","","","","","","","","","","","","","","","","","0.1","0.01","0.95","0.05","5","0","0.95","0.05","5","","","","","","","","","","","","","","","","","","","0.6511241631931287","0.5677655677655677","0.6558039899989583","0.6681034482758621","0.7127956037087196","[[213,118],[77,155]]","213","118","77","155","0.4849023090586146"
"glamorous-sweep-1","40","0.6305506216696269","0.7137332013751433","193","138","70","162","0.6296416984664069","bal_acc","vit","warmcos","","finished","2025-09-15T02:44:24.000Z","21903","pmrqwklq","40","","","64","","","","0.55","","0.3","","","0.05","","","","","","","threshold","bce","0.5","","","","","0.1980005818329952","","","40","0","0.3","","384","1","[256,256]","","0.00004799490531311604","","","","2048","","2","6","8","8","adamw","auto","","","","","","","","","","","","","","","","","","","","","","","","","","","","","","","","","","","","","","","","","","","","","","","","","","","","","","","","","","","","","","","","","","","","","16","10","val/auc","max","","","","","classification","","true","0","0.2","0.000013384275735883608","","","","","0.0001","fc","1.5","1.5","","","","","","","","","0","0.6145719289779663","7.397613779523014e-8","1640","","[[193,138],[70,162]]","0.41207815275310833","","","","","","","","","0.6406787037849426","","","","","","","","","0.5","0.4621508717536926","0.23081094026565552","","2","false","1","","","","","true","","","","","","","","","","","","","","","","","","","","","","","","","","0.1","0.01","0.95","0.05","5","5","0.95","0.05","5","","","","","","","","","","","","","","","","","","","0.6369201520912547","0.54","0.6406787165329721","0.6982758620689655","0.7137332013751433","[[193,138],[70,162]]","193","138","70","162","0.5328596802841918"
"floral-sweep-6","40","0.5701598579040853","0.590920929263465","288","43","199","33","0.676277736822764","f1","vit","cosine","","finished","2025-09-14T11:38:29.000Z","21309","a88gvtfm","40","","","64","","","","0.5","","0.2","","","0.2","","","","","","","threshold","bce","0.6","","","","","0.2328160385024834","","","40","0","0.5","","768","1","[256,256]","","0.0002763742073983574","","","","3072","","2","12","12","8","adamw","auto","","","","","","","","","","","","","","","","","","","","","","","","","","","","","","","","","","","","","","","","","","","","","","","","","","","","","","","","","","","","","","","","","","","","","16","10","val/auc","max","","","","","classification","","true","3","0.1","0.000036496137478151893","","","","","0.0001","fc","1.5","1.5","","","","","","","","","0","0.6865673065185547","4.259847230902062e-7","1640","","[[288,43],[199,33]]","0.41207815275310833","","","","","","","","","0.5061660408973694","","","","","","","","","0.6","0.4326304495334625","0.1076199784874916","","2","true","1","","","","","true","","","","","","","","","","","","","","","","","","","","","","","","","","0.1","0.03","0.95","0.05","0","10","0.95","0.05","5","","","","","","","","","","","","","","","","","","","0.5127931481681617","0.4342105263157895","0.5061660068757162","0.14224137931034483","0.590920929263465","[[288,43],[199,33]]","288","43","199","33","0.1349911190053286"
"sage-sweep-5","40","0.6216696269982238","0.6674914053547244","188","143","70","162","0.6337173448668586","bal_acc","vit","plateau","","finished","2025-09-14T06:17:59.000Z","19190","a88gvtfm","40","","","64","","","","0.55","","0.3","","","0.2","","","","","","","threshold","bce","0.4","","","","","0.2221655143445109","","","40","0","0.5","","384","1","[256,256]","","0.00014911515295080674","","","","2048","","2","8","10","8","adamw","auto","","","","","","","","","","","","","","","","","","","","","","","","","","","","","","","","","","","","","","","","","","","","","","","","","","","","","","","","","","","","","","","","","","","","","16","10","val/auc","max","","","","","classification","","true","3","0.2","0.00001083940591887318","","","","","0.0005","classification_head","1","1.5","","","","","","","","","0.00007455757647540337","0.7361139059066772","0.00007455757647540337","1640","0.4","[[188,143],[70,162]]","0.41207815275310833","","","","","","","","0.4","0.6331258416175842","","","","","","","","","0.4","0.4061015844345093","0.16237711906433103","","2","false","1","","","","","true","","","","","","","","","","","","","","","","","","","","","","","","","","0.1","0.01","0.95","0.05","5","0","0.95","0.05","5","","","","","","","","","","","","","","","","","","","0.6299148557631211","0.5311475409836065","0.6331258464423377","0.6982758620689655","0.6674914053547244","[[188,143],[70,162]]","188","143","70","162","0.5417406749555951"
"rare-sweep-4","40","0.5683836589698046","0.6036696530888634","243","88","155","77","0.6775226261880662","f1","vit","warmcos","","finished","2025-09-14T03:45:19.000Z","9139","a88gvtfm","40","","","32","","","","0.5","","0.1","","","0.1","","","","","","","threshold","bce","0.5","","","","","0.22428104986081993","","","40","0","0.3","","768","1","[256,256]","","0.00024118675069719807","","","","2048","","2","12","8","8","adamw","split","","","","","","","","","","","","","","","","","","","","","","","","","","","","","","","","","","","","","","","","","","","","","","","","","","","","","","","","","","","","","","","","","","","","","16","10","val/auc","max","","","","","classification","","true","3","0.2","0.00004002409982935013","","","","","0.0001","classifier","1.5","1.5","","","","","","","","","0","0.6937792897224426","4.344390163887278e-7","3280","0.5","[[243,88],[155,77]]","0.41207815275310833","","","","","","","","0.5","0.5330177545547485","","","","","","","","","0.5","0.4610002636909485","0.11096127331256866","","2","true","1","","","","","true","","","","","","","","","","","","","","","","","","","","","","","","","","0.1","0.03","0.95","0.05","5","5","0.95","0.05","5","","","","","","","","","","","","","","","","","","","0.538609715242881","0.4666666666666667","0.5330177622669028","0.33189655172413796","0.6036696530888634","[[243,88],[155,77]]","243","88","155","77","0.29307282415630553"
"pious-sweep-3","40","0.5559502664298401","0.6769324929680174","126","205","45","187","0.6660416192478604","bal_acc","vit","cosine","","finished","2025-09-14T01:04:03.000Z","9642","a88gvtfm","40","","","64","","","","0.5","","0.2","","","0.05","","","","","","","threshold","bce","0.5","","","","","0.23734438988577097","","","40","0","0.5","","768","1","[256,256]","","0.00005921648624785485","","","","1536","","2","8","12","8","adamw","auto","","","","","","","","","","","","","","","","","","","","","","","","","","","","","","","","","","","","","","","","","","","","","","","","","","","","","","","","","","","","","","","","","","","","","16","10","val/auc","max","","","","","classification","","true","3","0.2","0.000010695615445655042","","","","","0.0005","cls","1.5","1.5","","","","","","","","","0","0.6628745794296265","9.127233229947693e-8","1640","0.5","[[126,205],[45,187]]","0.41207815275310833","","","","","","","","0.5","0.5933495759963989","","","","","","","","","0.5","0.529610276222229","0.15403509140014648","","2","false","1","","","","","true","","","","","","","","","","","","","","","","","","","","","","","","","","0.1","0.03","0.95","0.05","5","0","0.95","0.05","5","","","","","","","","","","","","","","","","","","","0.6069414607948442","0.4770408163265306","0.5933495676632983","0.8060344827586207","0.6769324929680174","[[126,205],[45,187]]","126","205","45","187","0.6962699822380106"
"zany-sweep-2","40","0.5825932504440497","0.5815514636941349","277","54","181","51","0.6889621615409851","f1","vit","warmcos","","finished","2025-09-13T22:25:31.000Z","9500","a88gvtfm","40","","","64","","","","0.55","","0.1","","","0.1","","","","","","","threshold","bce","0.6","","","","","0.1863976826827078","","","40","0","0.3","","384","1","[256,256]","","0.00029247683772962955","","","","1536","","2","8","8","8","adamw","split","","","","","","","","","","","","","","","","","","","","","","","","","","","","","","","","","","","","","","","","","","","","","","","","","","","","","","","","","","","","","","","","","","","","","16","10","val/auc","max","","","","","classification","","true","0","0.1","0.0000194652071470838","","","","","0.0001","classification_head","1","1.5","","","","","","","","","0","0.6746987104415894","4.508042407552677e-7","1640","0.597","[[277,54],[181,51]]","0.41207815275310833","","","","","","","","0.597","0.5283428430557251","","","","","","","","","0.597","0.49199438095092773","0.08504680544137955","","2","true","1","","","","","true","","","","","","","","","","","","","","","","","","","","","","","","","","0.1","0.03","0.95","0.05","5","5","0.95","0.05","5","","","","","","","","","","","","","","","","","","","0.5452588895820337","0.4857142857142857","0.5283427961245963","0.21982758620689655","0.5815514636941349","[[277,54],[181,51]]","277","54","181","51","0.18650088809946713"
"wild-sweep-1","40","0.6341030195381883","0.7052948223773311","191","140","66","166","0.6255335609118143","f1","vit","warmcos","","finished","2025-09-13T19:43:18.000Z","9715","a88gvtfm","40","","","64","","","","0.5","","0.2","","","0.1","","","","","","","threshold","bce","0.5","","","","","0.1822180710293983","","","40","0","0.5","","768","1","[256,256]","","0.00011679402363270789","","","","2048","","2","8","10","8","adamw","split","","","","","","","","","","","","","","","","","","","","","","","","","","","","","","","","","","","","","","","","","","","","","","","","","","","","","","","","","","","","","","","","","","","","","16","10","val/auc","max","","","","","classification","","true","2","0.1","0.000019195374625142805","","","","","0.0001","fc","1","1.5","","","","","","","","","0","0.6484419107437134","1.994554022483405e-7","1640","0.5","[[191,140],[66,166]]","0.41207815275310833","","","","","","","","0.5","0.6462782621383667","","","","","","","","","0.5","0.49138304591178894","0.19768784940242767","","2","false","1","","","","","true","","","","","","","","","","","","","","","","","","","","","","","","","","0.1","0.03","0.95","0.05","5","10","0.95","0.05","5","","","","","","","","","","","","","","","","","","","0.642837160804659","0.5424836601307189","0.6462782581518909","0.7155172413793104","0.7052948223773311","[[191,140],[66,166]]","191","140","66","166","0.5435168738898757"
"valiant-sweep-5","40","0.6163410301953819","0.6474893218043546","273","58","158","74","0.6527352134386698","bal_acc","vit","plateau","","finished","2025-09-13T16:26:49.000Z","9483","io0i3y6m","40","","","64","","","","0.5","","0.1","","","0.1","","","","","","","threshold","bce","0.6","","","","","0.19077994495667813","","","40","0","0.5","","384","1","[256,256]","","0.00004233204208217939","","","","3072","","2","12","8","8","adamw","single","","","","","","","","","","","","","","","","","","","","","","","","","","","","","","","","","","","","","","","","","","","","","","","","","","","","","","","","","","","","","","","","","","","","","16","10","val/auc","max","","","","","classification","","true","0","0.1","0.00004602295717906882","","","","","0.0001","","0.5","1.5","","","","","","","","","0.00004233204208217939","0.707679271697998","0.00004233204208217939","1640","0.6","[[273,58],[158,74]]","0.41207815275310833","","","","","","","","0.6","0.5718694925308228","","","","","","","","","0.6","0.46175268292427063","0.1445450782775879","","","","1","","","","","true","","","","","","","","","","","","","","","","","","","","","","","","","","0.1","0.01","0.95","0.05","5","10","0.95","0.05","5","","","","","","","","","","","","","","","","","","","0.5970083667299444","0.5606060606060606","0.5718694655693302","0.31896551724137934","0.6474893218043547","[[273,58],[158,74]]","273","58","158","74","0.2344582593250444"
"lunar-sweep-2","40","0.4653641207815275","0.5239803625377644","102","229","72","160","0.9003824955887265","bal_acc","vit","cosine","","finished","2025-09-13T09:02:06.000Z","8952","io0i3y6m","40","","","32","","","","0.5","","0.1","","","0.2","","","","","","","threshold","bce","0.5","","","","","0.225483564489478","","","40","0","0.3","","384","1","[256,256]","","0.0001341531995923735","","","","1536","","2","12","8","8","adamw","split","","","","","","","","","","","","","","","","","","","","","","","","","","","","","","","","","","","","","","","","","","","","","","","","","","","","","","","","","","","","","","","","","","","","","16","10","val/auc","max","","","","","classification","","true","3","0.1","0.00001779274081028908","","","","","0.0005","","0.5","1.5","","","","","","","","","0","0.6891555786132812","2.0677477148818057e-7","3280","0.7310555577278137","[[102,229],[72,160]]","0.41207815275310833","","","","","","","","0.7310555577278137","0.498906135559082","","","","","","","","","0.7310555577278137","0.7310559153556824","0.0000010639712400006829","","","","1","","","","","true","","","","","","","","","","","","","","","","","","","","","","","","","","0.1","0.01","0.95","0.05","5","0","0.95","0.05","5","","","","","","","","","","","","","","","","","","","0.49875897526814994","0.41131105398457585","0.4989061360558392","0.6896551724137931","","[[102,229],[72,160]]","102","229","72","160","0.6909413854351687"
"sleek-sweep-1","40","0.6447602131438721","0.6776096468382122","244","87","113","119","0.6348413030306498","bal_acc","vit","plateau","","finished","2025-09-13T06:23:06.000Z","9526","io0i3y6m","40","","","64","","","","0.5","","0.1","","","0.2","","","","","","","threshold","bce","0.5","","","","","0.21230684090006435","","","40","0","0.5","","384","1","[256,256]","","0.00003053272567231553","","","","2048","","2","8","10","8","adamw","single","","","","","","","","","","","","","","","","","","","","","","","","","","","","","","","","","","","","","","","","","","","","","","","","","","","","","","","","","","","","","","","","","","","","","16","10","val/auc","max","","","","","classification","","true","3","0.1","0.000029347943350386527","","","","","0.0001","","0.5","1.5","","","","","","","","","0.000015266362836157765","0.6915576457977295","0.000015266362836157765","1640","0.5","[[244,87],[113,119]]","0.41207815275310833","","","","","","","","0.5","0.6250455975532532","","","","","","","","","0.5","0.4341951608657837","0.13481059670448303","","","","1","","","","","true","","","","","","","","","","","","","","","","","","","","","","","","","","0.1","0.03","0.95","0.05","5","0","0.95","0.05","5","","","","","","","","","","","","","","","","","","","0.6305716461341818","0.5776699029126213","0.62504557766434","0.5129310344827587","0.6776096468382122","[[244,87],[113,119]]","244","87","113","119","0.36589698046181174"
"true-sweep-2","40","0.6447602131438721","0.7044483800395875","221","110","90","142","0.618767112493515","bal_acc","vit","","plateau","finished","2025-09-12T23:53:46.000Z","9259","j00vr28t","40","","","32","","","","0.55","","0.2","","","0.05","","","","","inverse","","threshold","bce","0.5","true","false","false","","0.181766404077378","","","40","0","0.3","","384","1","[256,256]","","0.0000408424386468587","","","","2048","","2","6","10","8","adamw","auto","","","","","","","","","","","","","","","","","","","","","","","","","","","","","","","","","","","","","","","","","","","","","","","","","","","","","","","","","","","","","","","","","","","","","16","10","val/auc","max","1","","20","42","classification","","true","2","0.2","0.00004902689857423572","","","","","0.0001","classifier","0.5","1.5","","","","","","","","","0.0000408424386468587","0.6457070112228394","0.0000408424386468587","3280","0.5","[[221,110],[90,142]]","0.41207815275310833","","","","","","","","0.5","0.63987135887146","","","","","","","","","0.5","0.4622179865837097","0.15449561178684235","","","","1","","","","","true","false","","","","","","","","","","","","","","","","","","","","","","","","auto","0.1","0.03","0.95","0.05","5","10","0.95","0.05","5","","","","","","","","","","","","","","","","","","","0.6370514979839739","0.5634920634920635","0.639871340764663","0.6120689655172413","0.7044483800395875","[[221,110],[90,142]]","221","110","90","142","0.44760213143872113"
"toasty-sweep-16","40","0.5896980461811723","0.6599124908844671","316","15","216","16","0.6642382211155362","youden","vit","","cosine","finished","2025-09-12T17:48:59.000Z","9771","ua4b82gm","40","","","64","","false","true","0.5","0","0.2","rate_match","0.5","0.05","20","[0.1,0.9]","","3","inverse","","threshold","bce","0.6","true","false","true","false","0.18046607889274177","","","40","0","0.3","","384","1","[256,256]","true","0.000049691537005850577","","","","1536","","2","8","12","8","adamw","single","","","","","","","","","","","","","","","","","","","","","","","","","","","","","","","","","","","","","","","","","","","","","","","","","","","","","","","","","","","","","","","","","","","","","16","10","val/auc","max","1","","20","42","classification","","true","3","0.2","0.000028995996097775565","","","","","0.0005","[""head"",""classifier"",""mlp_head"",""fc"",""cls""]","0.5","1.5","","","","","20","true","","","0.000049691537005850577","0.6642531156539917","0.000049691537005850577","1640","0.6710549020767212","[[316,15],[216,16]]","0.41207815275310833","","","","","","","","0.6710549020767212","0.5118241310119629","[0,0,0,0,0,0,0,0,0,0,0,0,0,0,563,0,0,0,0,0]","0.7310583591461182","0.7310583591461182","0.7310426235198975","0.7310581803321838","0.7310583591461182","1","","0.6710549020767212","0.5024895668029785","0.13844260573387146","true","","","","2","0.75","1","0.2","true","false","","","","","","","","","","","","","","","","","","","","","","","","","0.1","0.02","0.95","0.05","5","0","0.95","0.05","5","","","","","","","","","","","","","","","","","","","0.5550569973320398","0.5161290322580645","0.5118241483487863","0.06896551724137931","0.6599124908844671","[[316,15],[216,16]]","316","15","216","16","0.055062166962699825"
"copper-sweep-15","40","0.6287744227353463","0.6382826336076673","302","29","180","52","0.6919891900486417","rate_match","vit","","none","finished","2025-09-12T15:04:19.000Z","9861","ua4b82gm","40","","","64","","false","true","0.5","0","0.1","rate_match","0.6","0.05","5","[0.1,0.9]","","3","inverse","","threshold","bce","0.6","true","false","true","false","0.18944696088270865","","","40","0","0.3","","384","1","[256,256]","true","0.00003086360124961442","","","","1536","","2","6","8","8","adamw","split","","","","","","","","","","","","","","","","","","","","","","","","","","","","","","","","","","","","","","","","","","","","","","","","","","","","","","","","","","","","","","","","","","","","","16","10","val/auc","max","1","","20","42","classification","","true","3","0.2","0.0000137235974825453","","","","","0.0005","[""head"",""classifier"",""mlp_head"",""fc"",""cls""]","0.5","1.5","","","","","20","true","","","0.00003086360124961442","0.6748865842819214","0.00003086360124961442","1640","0.671047934293747","[[302,29],[180,52]]","0.41207815275310833","","","","","","","","0.671047934293747","0.5682623386383057","[0,0,0,0,0,0,0,0,0,0,0,0,0,0,563,0,0,0,0,0]","0.7310578227043152","0.7310562133789062","0.7310438752174377","0.7310535311698914","0.731057345867157","1","","0.671047934293747","0.5505543351173401","0.12474606931209564","true","","","","2","0.75","1","0.2","true","false","","","","","","","","","","","","","","","","","","","","","","","","","0.1","0.02","0.95","0.05","5","5","0.95","0.05","5","","","","","","","","","","","","","","","","","","","0.6342656626197428","0.6419753086419753","0.5682623189915617","0.22413793103448276","0.6382826336076673","[[302,29],[180,52]]","302","29","180","52","0.1438721136767318"
"honest-sweep-8","40","0.5612788632326821","0.6537269507240338","112","219","29","203","0.7136355373594496","youden","vit","","cosine","finished","2025-09-10T19:56:44.000Z","8978","r9omdtg3","40","","","32","","false","true","0.52","0","0.3","rate_match","0.5","0.2","20","[0.1,0.9]","0.1","3","inverse","","threshold","bce","0.6","true","false","true","false","0.1921430282163604","","","40","0","0.5","","384","1","[256,256]","true","0.00005014550144498077","","","","3072","","2","8","12","8","adamw","single","","","","","","","","","","","","","","","","","","","","","","","","","","","","","","","","","","","","","","","","","","","","","","","","","","","","","","","","","","","","","","","","","","","","","16","10","val/auc","max","1","","20","42","classification","","true","3","0.1","0.00003435430350740551","","","","","0.0005","[""head"",""classifier"",""mlp_head"",""fc"",""cls""]","0.5","1.5","","","","","20","true","","","0.00005014550144498077","0.6777239441871643","0.00005014550144498077","3280","0.6","[[112,219],[29,203]]","0.4120781719684601","0.7495559453964233","0.4810426540284361","","","0.875","0.338368580060423","0.875","0.6","0.6066842900302115","[0,0,0,0,0,0,0,0,0,0,0,0,0,0,563,0,0,0,0,0]","0.7310582399368286","0.7310566902160645","0.731042742729187","0.7310532331466675","0.7310579419136047","1","0.6207951070336392","0.49218612909317017","0.5889065265655518","0.15518008172512054","true","","","","","","1","","true","false","","","","","","","","","","","","","","","","","","","","","","","","","0.1","","0.95","0.05","5","5","0.95","0.05","1","","","","","","","","","","","","","","","","","","","0.6139874270318815","0.4809160305343512","0.5991704865090114","0.8146551724137931","","","","","","",""
"graceful-sweep-6","40","0.6269982238010657","0.7323158662360663","155","176","31","201","0.6367069482803345","rate_match","vit","","warmcos","finished","2025-09-10T14:48:31.000Z","9543","r9omdtg3","40","","","64","","false","true","0.52","0","0.3","rate_match","0.6","0.05","5","[0.1,0.9]","0.08","1","inverse","","threshold","bce","0.5","true","false","true","false","0.183535462241631","","","40","0","0.5","","768","1","[256,256]","true","0.000044247443163612434","","","","2048","","2","8","12","8","adamw","single","","","","","","","","","","","","","","","","","","","","","","","","","","","","","","","","","","","","","","","","","","","","","","","","","","","","","","","","","","","","","","","","","","","","","16","10","val/auc","max","1","","20","42","classification","","true","2","0.1","0.00004643693937992114","","","","","0.0001","[""head"",""classifier"",""mlp_head"",""fc"",""cls""]","0.5","1.5","","","","","20","true","","","0.000044247443163612434","0.6179815530776978","0.000044247443163612434","1640","0.5","[[155,176],[31,201]]","0.4120781719684601","0.6696270108222961","0.53315649867374","","","0.8663793103448276","0.46827794561933533","0.8663793103448276","0.5","0.6673286279820815","[0,0,0,0,0,0,0,0,0,0,0,0,0,0,563,0,0,0,0,0]","0.7253102660179138","0.7144594192504883","0.7118231058120728","0.7127612829208374","0.717381477355957","1","0.6600985221674877","0.4311966896057129","0.5303667187690735","0.16807793080806732","true","","","","","","1","","true","false","","","","","","","","","","","","","","","","","","","","","","","","","0.1","","0.95","0.05","0","10","0.95","0.05","2","","","","","","","","","","","","","","","","","","","0.6565022721197541","0.5316091954022989","0.6524833315970413","0.7974137931034483","","","","","","",""
"wild-sweep-2","40","0.6198934280639432","0.6805005729763517","97","234","16","216","0.6335988640785217","f1","vit","","none","finished","2025-09-10T05:07:46.000Z","8552","r9omdtg3","40","","","32","","false","true","0.52","0","0.2","keep_last","0.6","0.2","10","[0.1,0.9]","0.15","3","inverse","","threshold","bce","0.4","true","false","true","false","0.18135036925815376","","","40","0","0.5","","384","1","[256,256]","true","0.00004799137571922656","","","","2048","","2","12","8","8","adamw","split","","","","","","","","","","","","","","","","","","","","","","","","","","","","","","","","","","","","","","","","","","","","","","","","","","","","","","","","","","","","","","","","","","","","","16","10","val/auc","max","1","","20","42","classification","","true","3","0.2","0.000010338815636880223","","","","","0.0005","[""head"",""classifier"",""mlp_head"",""fc"",""cls""]","0.5","1.5","","","","","20","true","","","0.00004799137571922656","0.6959378719329834","0.00004799137571922656","3280","0.4","[[97,234],[16,216]]","0.4120781719684601","0.7992895245552063","0.48","","","0.9310344827586208","0.2930513595166163","0.9310344827586208","0.4","0.6120429211376185","[0,0,0,0,0,0,13,156,136,79,59,40,25,36,19,0,0,0,0,0]","0.728482723236084","0.43912386894226074","0.3415473401546478","0.3650243878364563","0.6401708126068115","0.3179396092891693","0.6334310850439883","0.2785657048225403","0.4161042869091034","0.12174858897924425","true","","","","","","1","","true","false","","","","","","","","","","","","","","","","","","","","","","","","","0.1","","0.95","0.05","0","5","0.95","0.05","3","","","","","","","","","","","","","","","","","","","0.6206837800999545","0.5316901408450704","0.6245246900718825","0.6508620689655172","","","","","","",""
"dainty-sweep-2","40","0.5701598579040853","0.628294614022294","141","190","52","180","0.6971561577585008","youden","vit","","none","finished","2025-09-07T09:04:26.000Z","9289","77vaqmre","40","","","64","","false","true","0.52","25","0.1","rate_match","0.4","0.1","20","[0.1,0.9]","0.15","2","inverse","","threshold","bce","0.4","true","false","true","false","0.1857215717187682","","","40","0","0.5","","384","1","[256,256]","true","0.00005994352782556441","","","","1536","","2","12","10","8","adamw","split","","","","","","","","","","","","","","","","","","","","","","","","","","","","","","","","","","","","","","","","","","","","","","","","","","","","","","","","","","","","","","","","","","","","","16","10","val/auc","max","1","","20","42","classification","","true","3","0.2","0.00004902487478540197","","","","","0.0001","[""head"",""classifier"",""mlp_head"",""fc"",""cls""]","0.5","1.5","","","","","20","true","","","0.00005994352782556441","0.6728759407997131","0.00005994352782556441","1640","0.5335169876917554","[[141,190],[52,180]]","0.4120781421661377","0.6571936011314392","0.6085282173365075","","","0.6009219710386499","","","0.5335169876917554","","","","","","","","","","","","","","","","","","","","","","","","","","","","","","","","","","","","","","","","","","","","","","","","","","","","","","","","","","","","","","","","","","","","","","","","","","","","","","","","","","","",""
"likely-sweep-5","40","0.6394316163410302","0.7260587040316699","137","194","26","206","0.623032636112637","rate_match","vit","","cosine","finished","2025-09-07T00:37:04.000Z","11686","rnqqdugg","40","","","32","","false","true","0.55","0","0.1","keep_last","0.4","0.2","10","[0.1,0.9]","0.12","1","inverse","","threshold","bce","0.5","true","false","true","false","0.19842194622112577","","","40","0","0.3","","384","1","[256,256]","true","0.00005071136206401801","","","","1536","","2","6","8","8","adamw","split","","","","","","","","","","","","","","","","","","","","","","","","","","","","","","","","","","","","","","","","","","","","","","","","","","","","","","","","","","","","","","","","","","","","","16","10","val/auc","max","1","","20","42","classification","","true","0","0.1","0.000023670798503864408","","","","","0.0001","[""head"",""classifier"",""mlp_head"",""fc"",""cls""]","0.5","1.5","","","","","20","true","","","0.00005071136206401801","0.5913694500923157","0.00005071136206401801","3280","0.33206382393836975","[[183,148],[55,177]]","0.4120781421661377","0.577264666557312","0.6567614738202974","","","0.6579005625585999","0.41389728096676737","0.8879310344827587","0.33206382393836975","0.650914157724763","[0,0,0,0,0,0,0,0,0,0,0,0,0,0,563,0,0,0,0,0]","0.7310389876365662","0.7309730648994446","0.7179044485092163","0.7305416464805603","0.7310278415679932","1","0.6518987341772152","0.33206382393836975","0.496355801820755","0.16364715993404388","","","","","","","","","","","","","","","","","","","","","","","","","","","","","","","","","","","","","","","","","","","","","","","","","","","","","","","","","","","","","","","","","","","","","","","",""
"fiery-sweep-2","40","0.6305506216696269","0.6818483696218357","160","171","43","189","0.64113939470715","rate_match","vit","","none","finished","2025-09-06T14:33:20.000Z","12740","rnqqdugg","40","","","64","","false","true","0.55","0","0.2","rate_match","0.6","0.1","10","[0.1,0.9]","0.1","2","inverse","","threshold","bce","0.6","true","false","true","false","0.21502181348016028","","","40","0","0.3","","384","1","[256,256]","true","0.000050408103200891574","","","","2048","","2","8","12","8","adamw","single","","","","","","","","","","","","","","","","","","","","","","","","","","","","","","","","","","","","","","","","","","","","","","","","","","","","","","","","","","","","","","","","","","","","","16","10","val/auc","max","1","","20","42","classification","","true","3","0.1","0.00003970270200883831","","","","","0.0001","[""head"",""classifier"",""mlp_head"",""fc"",""cls""]","0.5","1.5","","","","","20","true","","","0.000050408103200891574","0.6670123338699341","0.000050408103200891574","1640","0.3137555420398712","[[213,118],[90,142]]","0.4120781421661377","0.46181172132492065","0.6245620715917746","","","0.6277867486196478","0.48338368580060426","0.8146551724137931","0.3137555420398712","0.6490194291071987","[0,0,0,0,0,0,1,61,136,122,84,63,48,39,9,0,0,0,0,0]","0.7155928611755371","0.4813178777694702","0.34946033358573914","0.39643222093582153","0.6440455317497253","0.431616336107254","0.6385135135135136","0.3137555420398712","0.46129265427589417","0.1700797975063324","","","","","","","","","","","","","","","","","","","","","","","","","","","","","","","","","","","","","","","","","","","","","","","","","","","","","","","","","","","","","","","","","","","","","","","",""
"glowing-sweep-1","40","0.5879218472468917","0.5285706844462965","11","320","4","228","0.7295328709814284","rate_match","vit","","warmcos","finished","2025-09-06T10:52:12.000Z","13245","rnqqdugg","40","","","64","","false","true","0.52","0","0.1","rate_match","0.4","0.1","20","[0.1,0.9]","0.12","2","inverse","","threshold","bce","0.5","true","false","true","false","0.1973590798349551","","","40","0","0.5","","768","1","[256,256]","true","0.0002125270474247057","","","","3072","","2","6","12","8","adamw","split","","","","","","","","","","","","","","","","","","","","","","","","","","","","","","","","","","","","","","","","","","","","","","","","","","","","","","","","","","","","","","","","","","","","","16","10","val/auc","max","1","","20","42","classification","","true","2","0.1","0.00003258036430854242","","","","","0.0005","[""head"",""classifier"",""mlp_head"",""fc"",""cls""]","0.5","1.5","","","","","20","true","","","0.0002125270474247057","0.8015246391296387","0.0002125270474247057","1640","0.269074450818488","[[331,0],[232,0]]","0.4120781421661377","0","0.29396092362344584","","","0.5","0.03323262839879154","0.9827586206896552","0.269074450818488","0.5079956245442233","[0,0,0,0,0,0,0,0,0,0,0,0,0,0,563,0,0,0,0,0]","0.7310585379600525","0.7310585379600525","0.7310581803321838","0.7310584783554077","0.7310585379600525","1","0.5846153846153846","0.2689421772956848","0.2689436674118042","0.0000010803373697854113","","","","","","","","","","","","","","","","","","","","","","","","","","","","","","","","","","","","","","","","","","","","","","","","","","","","","","","","","","","","","","","","","","","","","","","",""
"lyric-sweep-1","40","0.5843694493783304","0.687962287738306","136","195","39","193","0.7040091223186917","youden","vit","","warmcos","finished","2025-09-06T05:16:53.000Z","12676","zkpeuetx","40","","","64","","false","true","0.52","0","0.2","keep_last","0.5","0.2","5","[0.1,0.9]","0.1","3","inverse","","threshold","bce","0.4","true","false","true","false","0.2361714024560319","","","40","0","0.5","","384","1","[256,256]","true","0.00005440608076270374","","","","3072","","2","8","12","8","adamw","split","","","","","","","","","","","","","","","","","","","","","","","","","","","","","","","","","","","","","","","","","","","","","","","","","","","","","","","","","","","","","","","","","","","","","16","10","val/auc","max","1","","20","42","classification","","true","3","0.2","0.00001108274669606957","","","","","0.0001","[""head"",""classifier"",""mlp_head"",""fc"",""cls""]","0.5","1.5","","","","","20","true","","","0.00005440608076270374","0.644046425819397","0.00005440608076270374","1640","0.61073237657547","[[135,196],[38,194]]","0.4120781421661377","0.6927176117897034","0.638891359122573","","","0.6220309407229919","0.4108761329305136","0.8318965517241379","0.61073237657547","0.6213863423273258","[0,0,0,0,0,0,0,0,0,4,25,125,136,145,128,0,0,0,0,0]","0.7295535206794739","0.6464985013008118","0.47388628125190735","0.5630806088447571","0.7186914086341858","0.9928951859474182","0.6225806451612904","0.61073237657547","0.5865516662597656","0.14024394750595093","","","","","","","","","","","","","","","","","","","","","","","","","","","","","","","","","","","","","","","","","","","","","","","","","","","","","","","","","","","","","","","","","","","","","","","",""
"whole-sweep-8","40","0.6642984014209592","0.7195020314616106","190","141","52","180","0.6243280437257555","f1","vit","","plateau","finished","2025-09-06T01:33:06.000Z","12876","ldyqt158","40","","","64","","false","true","0.55","0","0.1","rate_match","0.5","0.2","5","[0.1,0.9]","0.1","1","inverse","","threshold","bce","0.6","true","false","true","false","0.18269165563944548","","","40","0","0.5","","384","1","[256,256]","true","0.00007468525888946326","","","","2048","","2","8","12","8","adamw","split","","","","","","","","","","","","","","","","","","","","","","","","","","","","","","","","","","","","","","","","","","","","","","","","","","","","","","","","","","","","","","","","","","","","","16","10","val/auc","max","1","","20","42","classification","","true","0","0.1","0.000033415561443745205","","","","","0.0001","[""head"",""classifier"",""mlp_head"",""fc"",""cls""]","0.5","1.5","","","","","20","true","","","0.00007468525888946326","0.6230648756027222","0.00007468525888946326","1640","0.5196146319084024","[[217,114],[75,157]]","0.4120781421661377","0.481349915266037","0.6612432391447203","","","0.666156630899052","0.5740181268882175","0.7758620689655172","0.5196146319084024","0.6749400979268674","[0,0,0,0,0,0,0,0,0,188,242,133,0,0,0,0,0,0,0,0]","0.5987259745597839","0.5155584216117859","0.4613870084285736","0.4783117175102234","0.573097825050354","0.6660745739936829","0.6509945750452079","0.3943295180797577","","","","","","","","","","","","","","","","","","","","","","","","","","","","","","","","","","","","","","","","","","","","","","","","","","","","","","","","","","","","","","","","","","","","","","","","","",""
"comic-sweep-1","40","0.5719360568383659","0.6294796332951349","163","168","73","159","0.6780483192867703","f1","vit","","warmcos","finished","2025-09-04T22:21:31.000Z","12061","ldyqt158","40","","","64","","false","true","0.55","0","0.3","rate_match","0.4","0.05","10","[0.1,0.9]","0.15","1","inverse","","threshold","bce","0.5","true","false","true","false","0.23839232307862507","","","40","0","0.5","","384","1","[256,256]","true","0.000052861592721052606","","","","1536","","2","12","10","8","adamw","single","","","","","","","","","","","","","","","","","","","","","","","","","","","","","","","","","","","","","","","","","","","","","","","","","","","","","","","","","","","","","","","","","","","","","16","10","val/auc","max","1","","20","42","classification","","true","3","0.1","0.000012896151911397962","","","","","0.0001","[""head"",""classifier"",""mlp_head"",""fc"",""cls""]","0.5","1.5","","","","","20","true","","","0.000052861592721052606","0.6852339506149292","0.000052861592721052606","1640","0.5517728341213476","[[163,168],[73,159]]","","","0.5884582491058934","","","0.5888959787477862","","","0.5517728341213476","","","","","","","","","","","","","","","","","","","","","","","","","","","","","","","","","","","","","","","","","","","","","","","","","","","","","","","","","","","","","","","","","","","","","","","","","","","","","","","","","","","",""
"ancient-sweep-1","40","0.6181172291296625","0.6154677570580269","296","35","180","52","0.6636793480979072","f1","vit","","plateau","finished","2025-09-04T12:53:07.000Z","10426","2eswd0yt","40","","","32","","false","true","0.55","0","0.1","rate_match","0.5","0.05","5","[0.1,0.9]","0.1","1","inverse","","threshold","auto","0.4","true","false","true","false","0.22351187763920768","","","40","0","0.5","","384","1","[256,256]","true","0.0001274637348225189","","","","1536","","2","12","10","8","adamw","single","","","","","","","","","","","","","","","","","","","","","","","","","","","","","","","","","","","","","","","","","","","","","","","","","","","","","","","","","","","","","","","","","","","","","16","10","val/auc","max","1","","20","42","classification","","true","3","0.1","0.000041486589675896046","","","","","0.0001","[""head"",""classifier"",""mlp_head"",""fc"",""cls""]","0.5","1.5","","","","","","","","","0.0001274637348225189","0.7421281337738037","0.0001274637348225189","3280","0.4923527670520855","[[296,35],[180,52]]","","","0.6097749444605429","","","0.5591988748828003","","","0.4923527670520855","","","","","","","","","","","","","","","","","","","","","","","","","","","","","","","","","","","","","","","","","","","","","","","","","","","","","","","","","","","","","","","","","","","","","","","","","","","","","","","","","","","",""
"lyric-sweep-8","40","0.5790408525754884","0.5745129701010522","234","97","140","92","0.6858438087834252","rate_match","vit","none","","finished","2025-09-04T01:44:50.000Z","10425","oupe3dks","40","","0.00008053391789370349","32","","false","true","0.52","0","0.1","rate_match","0.5","0.1","10","[0.1,0.9]","0.12","1","inverse","","threshold","auto","0.5","true","false","true","false","0.21704424658577623","","","40","0","0.3","5","384","1","[256,256]","true","0.00020933309225822392","","","","1536","","2","12","8","8","adamw","split","","","","","","","","","","","","","","","","","","","","","","","","","","","","","","","","","","","","","","","","","","","","","","","","","","","","","","","","","","","","","","","","","","","","","16","0","val/loss","min","1","","20","42","classification","","true","2","0.2","0.00002572344037653228","","","","","0.0001","","","","","","","","","","","","0.00020933309225822392","0.6762925386428833","0.00020933309225822392","3280","0.5165118775236075","[[234,97],[140,92]]","","","0.5562204679851739","","","0.5517501823106574","","","0.5165118775236075","","","","","","","","","","","","","","","","","","","","","","","","","","","","","","","","","","","","","","","","","","","","","","","","","","","","","","","","","","","","","","","","","","","","","","","","","","","","","","","","","","","",""
"earnest-sweep-4","40","0.566607460035524","0.5978747786227732","188","143","101","131","0.7161233756277297","f1","vit","cosine","","finished","2025-09-03T23:38:15.000Z","25732","","40","","0.00015308354689636122","32","","false","true","0.52","0","0.1","rate_match","0.6","0.1","20","[0.1,0.9]","0.08","1","inverse","","threshold","auto","0.6","true","false","true","false","0.19651766377166177","","","40","0","0.5","15","384","1","[256,256]","true","0.00007897871415723304","","","","1536","","2","6","10","8","adamw","split","","","","","","","","","","","","","","","","","","","","","","","","","","","","","","","","","","","","","","","","","","","","","","","","","","","","","","","","","","","","","","","","","","","","","16","0","val/loss","min","1","","20","42","classification","","true","2","0.1","0.00002709484918845929","","","","","0.0005","","","","","","","","","","","","0","0.6831170320510864","1.217325089667157e-7","3280","0.6050487599781812","[[188,143],[101,131]]","","","0.5643106104614453","","","0.5663155016147516","","","0.6050487599781812","","","","","","","","","","","","","","","","","","","","","","","","","","","","","","","","","","","","","","","","","","","","","","","","","","","","","","","","","","","","","","","","","","","","","","","","","","","","","","","","","","","",""
"apricot-sweep-5","40","0.6092362344582594","0.6594176476716325","200","131","89","143","0.6593491037686666","f1","vit","warmcos","","finished","2025-09-03T15:56:01.000Z","12195","oupe3dks","40","","0.000031398281069200954","64","","false","true","0.52","0","0.3","rate_match","0.4","0.1","20","[0.1,0.9]","0.08","2","inverse","","threshold","auto","0.4","true","false","true","false","0.1990624084188572","","","40","0","0.5","10","384","1","[256,256]","true","0.00014885622456651686","","","","1536","","2","6","12","8","adamw","split","","","","","","","","","","","","","","","","","","","","","","","","","","","","","","","","","","","","","","","","","","","","","","","","","","","","","","","","","","","","","","","","","","","","","16","0","val/loss","min","1","","20","42","classification","","true","3","0.1","0.000013931876845429796","","","","","0.0001","","","","","","","","","","","","0","0.6470338106155396","2.681281272585611e-7","1640","0.5425773028485406","[[200,131],[89,143]]","","","0.6069696663551638","","","0.6103044587977915","","","0.5425773028485406","","","","","","","","","","","","","","","","","","","","","","","","","","","","","","","","","","","","","","","","","","","","","","","","","","","","","","","","","","","","","","","","","","","","","","","","","","","","","","","","","","","",""
"legendary-sweep-3","40","0.42628774422735344","0.5056386081883529","18","313","10","222","0.9010967546039156","youden","vit","plateau","","finished","2025-09-03T15:34:05.000Z","29044","","40","","0.00015925745387946396","64","","false","true","0.52","25","0.3","keep_last","0.6","0.1","20","[0.1,0.9]","0.1","3","inverse","","threshold","auto","0.4","true","false","true","false","0.19702418251534032","","","40","0","0.5","5","384","1","[256,256]","true","0.00016785339581063354","","","","2048","","2","12","8","8","adamw","split","","","","","","","","","","","","","","","","","","","","","","","","","","","","","","","","","","","","","","","","","","","","","","","","","","","","","","","","","","","","","","","","","","","","","16","0","val/loss","min","1","","20","42","classification","","true","2","0.2","0.000048384002394289814","","","","","0.0001","","","","","","","","","","","","1.0244958240395114e-8","0.892194926738739","1.0244958240395114e-8","1640","0.7310585975644524","[[18,313],[10,222]]","","","0.5289052069425901","","","0.5056386081883529","","","0.7310585975644524","","","","","","","","","","","","","","","","","","","","","","","","","","","","","","","","","","","","","","","","","","","","","","","","","","","","","","","","","","","","","","","","","","","","","","","","","","","","","","","","","","","",""
"pious-sweep-4","40","0.6412078152753108","0.695410980310449","200","131","71","161","0.6443939175870683","rate_match","vit","none","","finished","2025-09-03T12:50:24.000Z","11112","oupe3dks","40","","0.0000474086595450649","32","","false","true","0.52","25","0.2","keep_last","0.6","0.2","20","[0.1,0.9]","0.1","1","inverse","","threshold","auto","0.6","true","false","true","false","0.23005541727150716","","","40","0","0.3","10","384","1","[256,256]","true","0.000032440682510819096","","","","2048","","2","8","10","8","adamw","split","","","","","","","","","","","","","","","","","","","","","","","","","","","","","","","","","","","","","","","","","","","","","","","","","","","","","","","","","","","","","","","","","","","","","16","0","val/loss","min","1","","20","42","classification","","true","3","0.2","0.000010393501821691","","","","","0.0001","","","","","","","","","","","","0.000032440682510819096","0.6709262728691101","0.000032440682510819096","3280","0.5358241941318486","[[200,131],[71,161]]","","","0.6446886215437497","","","0.6490975622460673","","","0.5358241941318486","","","","","","","","","","","","","","","","","","","","","","","","","","","","","","","","","","","","","","","","","","","","","","","","","","","","","","","","","","","","","","","","","","","","","","","","","","","","","","","","","","","",""
"resilient-sweep-2","40","0.5985790408525755","0.7103213876445463","144","187","39","193","0.6807970139715407","f1","vit","none","","finished","2025-09-03T05:08:09.000Z","15694","oupe3dks","40","","0.00021166056689454296","64","","false","true","0.52","0","0.1","rate_match","0.5","0.05","20","[0.1,0.9]","0.08","1","inverse","","threshold","auto","0.5","true","false","true","false","0.20402397569850095","","","40","0","0.5","15","384","1","[256,256]","true","0.000040277973803256817","","","","3072","","2","8","12","8","adamw","split","","","","","","","","","","","","","","","","","","","","","","","","","","","","","","","","","","","","","","","","","","","","","","","","","","","","","","","","","","","","","","","","","","","","","16","0","val/loss","min","1","","20","42","classification","","true","2","0.2","0.000016500667317284318","","","","","0.0005","","","","","","","","","","","","0.000040277973803256817","0.6372401714324951","0.000040277973803256817","1640","0.5676181479605762","[[144,187],[39,193]]","","","0.6473899913718724","","","0.6334709344723408","","","0.5676181479605762","","","","","","","","","","","","","","","","","","","","","","","","","","","","","","","","","","","","","","","","","","","","","","","","","","","","","","","","","","","","","","","","","","","","","","","","","","","","","","","","","","","",""
"silvery-sweep-1","40","0.605683836589698","0.6424497343473278","198","133","89","143","0.6728693313068814","youden","vit","cosine","","finished","2025-09-02T19:18:34.000Z","31607","","40","","0.00007581568939344266","32","","false","true","0.52","0","0.1","rate_match","0.5","0.2","20","[0.1,0.9]","0.1","3","inverse","","threshold","auto","0.4","true","false","true","false","0.20254785960105387","","","40","0","0.5","5","384","1","[256,256]","true","0.00007765390890095558","","","","2048","","2","6","12","8","adamw","split","","","","","","","","","","","","","","","","","","","","","","","","","","","","","","","","","","","","","","","","","","","","","","","","","","","","","","","","","","","","","","","","","","","","","16","0","val/loss","min","1","","20","42","classification","","true","2","0.2","0.000010863192614700068","","","","","0.0005","","","","","","","","","","","","0","0.7022239565849304","1.1969054272986493e-7","3280","0.5596206035372141","[[198,133],[89,143]]","","","0.6040057062061304","","","0.6072833107615376","","","0.5596206035372141","","","","","","","","","","","","","","","","","","","","","","","","","","","","","","","","","","","","","","","","","","","","","","","","","","","","","","","","","","","","","","","","","","","","","","","","","","","","","","","","","","","",""
"prime-sweep-8","40","0.5577264653641207","0.5593811855401605","156","175","74","158","0.900584853357739","youden","vit","plateau","","finished","2025-09-02T13:31:28.000Z","10874","6i4od13a","40","","0.00012677569510676528","32","","false","true","0.52","0","0.3","keep_last","0.4","0.1","20","[0.1,0.9]","0.15","3","inverse","","threshold","auto","0.6","true","false","true","false","0.21627858428424795","","","40","0","0.3","10","384","1","[256,256]","true","0.0004379207375891054","","","","1536","","2","12","12","8","adamw","split","","","","","","","","","","","","","","","","","","","","","","","","","","","","","","","","","","","","","","","","","","","","","","","","","","","","","","","","","","","","","","","","","","","","","16","0","val/loss","min","1","","20","42","classification","","true","2","0.2","0.00004646663641892493","","","","","0.0005","","","","","","","","","","","","8.619593877966359e-9","0.7830291390419006","8.619593877966359e-9","3280","0.7310582995388065","[[156,175],[74,158]]","","","0.576367672019846","","","0.5761667882071049","","","0.7310582995388065","","","","","","","","","","","","","","","","","","","","","","","","","","","","","","","","","","","","","","","","","","","","","","","","","","","","","","","","","","","","","","","","","","","","","","","","","","","","","","","","","","","",""
"vocal-sweep-4","40","0.5275310834813499","0.5384545265131785","153","178","88","144","0.9010959731207954","rate_match","vit","cosine","","finished","2025-09-02T00:53:11.000Z","11772","6i4od13a","40","","0.00017462943323098772","64","","false","true","0.5","25","0.3","rate_match","0.4","0.1","20","[0.1,0.9]","0.15","2","inverse","","threshold","auto","0.6","true","false","true","false","0.2117841969488156","","","40","0","0.3","15","768","1","[256,256]","true","0.0000563229745905184","","","","2048","","2","8","12","8","adamw","split","","","","","","","","","","","","","","","","","","","","","","","","","","","","","","","","","","","","","","","","","","","","","","","","","","","","","","","","","","","","","","","","","","","","","16","0","val/loss","min","1","","20","42","classification","","true","0","0.1","0.00001366368460793868","","","","","0.0001","","","","","","","","","","","","0","0.7674338221549988","8.681246691004094e-8","1640","0.7310581207696565","[[153,178],[88,144]]","","","0.5410298703641658","","","0.5414626523596208","","","0.7310581207696565","","","","","","","","","","","","","","","","","","","","","","","","","","","","","","","","","","","","","","","","","","","","","","","","","","","","","","","","","","","","","","","","","","","","","","","","","","","","","","","","","","","",""
"silvery-sweep-2","40","0.6145648312611013","0.6172127304927597","210","121","96","136","0.6808290349112617","youden","vit","warmcos","","finished","2025-09-01T19:05:04.000Z","10100","6i4od13a","40","","0.00004389051082635994","32","","false","true","0.52","25","0.3","rate_match","0.5","0.05","5","[0.1,0.9]","0.12","3","inverse","","threshold","auto","0.5","true","false","true","false","0.20405610387658785","","","40","0","0.3","5","384","1","[256,256]","true","0.0005572245455091504","","","","1536","","2","12","12","8","adamw","split","","","","","","","","","","","","","","","","","","","","","","","","","","","","","","","","","","","","","","","","","","","","","","","","","","","","","","","","","","","","","","","","","","","","","16","0","val/loss","min","1","","20","42","classification","","true","0","0.2","0.00001132898322368203","","","","","0.0001","","","","","","","","","","","","0","0.6520652174949646","8.588686547570798e-7","3280","0.5513613665760293","[[210,121],[96,136]]","","","0.6077286945906768","","","0.6103239920825085","","","0.5513613665760293","","","","","","","","","","","","","","","","","","","","","","","","","","","","","","","","","","","","","","","","","","","","","","","","","","","","","","","","","","","","","","","","","","","","","","","","","","","","","","","","","","","",""
"robust-sweep-1","40","0.5879218472468917","0.6205464110844879","193","138","94","138","0.6738526357544793","f1","vit","warmcos","","finished","2025-09-01T16:14:32.000Z","10213","6i4od13a","40","","0.00013482480509457526","32","","false","true","0.55","0","0.1","keep_last","0.4","0.1","5","[0.1,0.9]","0.08","2","inverse","","threshold","auto","0.4","true","false","true","false","0.1828110290994991","","","40","0","0.5","10","384","1","[256,256]","true","0.0003445112357819659","","","","1536","","2","8","12","8","adamw","split","","","","","","","","","","","","","","","","","","","","","","","","","","","","","","","","","","","","","","","","","","","","","","","","","","","","","","","","","","","","","","","","","","","","","16","0","val/loss","min","1","","20","42","classification","","true","0","0.2","0.000013955237506775556","","","","","0.0001","","","","","","","","","","","","0","0.6795067191123962","5.310065825517323e-7","3280","0.4759700119041832","[[193,138],[94,138]]","","","0.5862369337979094","","","0.5889545786019377","","","0.4759700119041832","","","","","","","","","","","","","","","","","","","","","","","","","","","","","","","","","","","","","","","","","","","","","","","","","","","","","","","","","","","","","","","","","","","","","","","","","","","","","","","","","","","",""
"super-sweep-30","40","0.6127886323268206","0.6635847484112928","187","144","74","158","0.6639953785472446","f1","vit","cosine","","finished","2025-08-31T02:17:07.000Z","8534","qzm4vnpd","40","2","0.000025796887237416723","64","0.5","false","true","0.55","25","0.1","rate_match","0.6","0.2","10","[0.1,0.9]","0.12","3","inverse","[331,232]","threshold","auto","0.5","true","false","true","false","0.23642003790986543","","","40","0","0.3","15","768","1","[256,256]","true","0.00003386790976980429","","","","3072","0.65","2","8","8","8","adamw","split","","","","","","","","","","","","","","","","","","","","","","","","","","","","","","","","","","","","","","","","","","","","","","","","","","","","","","","","","","","","","","","","","","","","","16","6","val/loss","min","1","","20","42","classification","0.0001","true","3","0.1","0.00004950125828161711","","","","","","","","","","","","","","","","","0","0.7135688662528992","5.2201731488420774e-8","1640","0.5238094928223839","[[187,144],[74,158]]","0.41207815275310833","0.5364120781527532","0.6198269518662303","","","0.6229945827690384","","","0.5238094928223839","","","","","","","","","","","","","","","","","","","","","","","","","","","","","","","","","","","","","","","","","","","","","","","","","","","","","","","","","","","","","","","","","","","","","","","","","","","","","","","","","","","",""
"fluent-sweep-7","40","0.5932504440497336","0.6050760495884988","218","113","116","116","0.6869477960798476","rate_match","vit","cosine","","finished","2025-08-30T19:13:05.000Z","13006","","40","1","0.000051318237594706746","64","0.5","false","true","0.52","25","0.2","rate_match","0.6","0.2","20","[0.1,0.9]","0.15","3","inverse","[331,232]","threshold","auto","0.5","true","false","true","false","0.22924409930822023","","","40","0","0.3","5","384","1","[256,256]","true","0.00004616814257583866","","","","2048","0.65","2","12","8","8","adamw","split","","","","","","","","","","","","","","","","","","","","","","","","","","","","","","","","","","","","","","","","","","","","","","","","","","","","","","","","","","","","","","","","","","","","","16","6","val/loss","min","1","","20","42","classification","0.0001","true","3","0.2","0.000012693346208218312","","","","","","","","","","","","","","","","","0","0.6371798515319824","7.116048786133822e-8","1640","0.5718921844061375","[[218,113],[116,116]]","0.41207815275310833","0.4067495559502664","0.5796224145595272","","","0.5793051359516617","","","0.5718921844061375","","","","","","","","","","","","","","","","","","","","","","","","","","","","","","","","","","","","","","","","","","","","","","","","","","","","","","","","","","","","","","","","","","","","","","","","","","","","","","","","","","","",""
"drawn-sweep-5","40","0.6785079928952042","0.7207651838733201","232","99","82","150","0.6415397723515829","youden","vit","cosine","","finished","2025-08-30T18:09:08.000Z","7898","qzm4vnpd","40","2","0.00002630522686318501","32","0.5","false","true","0.52","25","0.1","rate_match","0.4","0.2","20","[0.1,0.9]","0.12","2","inverse","[331,232]","threshold","auto","0.5","true","false","true","false","0.21136904780076857","","","40","0","0.5","15","768","1","[256,256]","true","0.00003420929281690139","","","","2048","0.65","2","8","10","8","adamw","single","","","","","","","","","","","","","","","","","","","","","","","","","","","","","","","","","","","","","","","","","","","","","","","","","","","","","","","","","","","","","","","","","","","","","16","6","val/loss","min","1","","20","42","classification","0.0001","true","3","0.1","0.00003582614403581771","","","","","","","","","","","","","","","","","0","0.6086166501045227","5.2727916490104864e-8","3280","0.6081412982115414","[[232,99],[82,150]]","0.41207815275310833","0.4422735346358792","0.6706315708694651","","","0.6737290342744036","","","0.6081412982115414","","","","","","","","","","","","","","","","","","","","","","","","","","","","","","","","","","","","","","","","","","","","","","","","","","","","","","","","","","","","","","","","","","","","","","","","","","","","","","","","","","","",""
"clean-sweep-1","40","0.6234458259325044","0.6474242108552974","206","125","87","145","0.66877547899882","rate_match","vit","none","","finished","2025-08-30T15:13:31.000Z","8557","qzm4vnpd","40","2","0.000052218508334913944","64","0.5","false","true","0.5","25","0.3","keep_last","0.6","0.2","10","[0.1,0.9]","0.15","1","inverse","[331,232]","threshold","auto","0.5","true","false","true","false","0.22397978737967303","","","40","0","0.3","15","512","1","[256,256]","true","0.00003286431631343653","","","","1536","0.65","2","8","8","8","adamw","split","","","","","","","","","","","","","","","","","","","","","","","","","","","","","","","","","","","","","","","","","","","","","","","","","","","","","","","","","","","","","","","","","","","","","16","3","val/loss","min","1","","20","42","classification","0.0001","true","0","0.1","0.000039914689603267696","","","","","","","","","","","","","","","","","0.00003286431631343653","0.6810479164123535","0.00003286431631343653","1640","0.5564551678111721","[[206,125],[87,145]]","0.41207815275310833","0.47957371225577267","0.6200543546959929","","","0.6236782477341389","","","0.5564551678111721","","","","","","","","","","","","","","","","","","","","","","","","","","","","","","","","","","","","","","","","","","","","","","","","","","","","","","","","","","","","","","","","","","","","","","","","","","","","","","","","","","","",""
"vague-sweep-2","40","0.5879218472468917","0.594189498906136","219","112","120","112","0.688839938905504","rate_match","vit","warmcos","","finished","2025-08-30T12:18:45.000Z","17803","","40","1","0.00009551636001719368","64","0.5","false","true","0.52","0","0.2","rate_match","0.5","0.1","20","[0.1,0.9]","0.1","1","inverse","[331,232]","threshold","auto","0.5","true","false","true","false","0.2133612351112205","","","40","0","0.3","5","512","1","[256,256]","true","0.00003285879412864263","","","","1536","0.65","2","6","10","8","adamw","split","","","","","","","","","","","","","","","","","","","","","","","","","","","","","","","","","","","","","","","","","","","","","","","","","","","","","","","","","","","","","","","","","","","","","16","6","val/loss","min","1","","20","42","classification","0.0001","true","3","0.2","0.00001981138085846535","","","","","","","","","","","","","","","","","0","0.7239679098129272","5.9187091163598675e-8","1640","0.5411341274527959","[[219,112],[120,112]]","0.41207815275310833","0.3978685612788632","0.5730088495575221","","","0.5721950203146161","","","0.5411341274527959","","","","","","","","","","","","","","","","","","","","","","","","","","","","","","","","","","","","","","","","","","","","","","","","","","","","","","","","","","","","","","","","","","","","","","","","","","","","","","","","","","","",""